{"model": "Pipeline(memory=None,\n         steps=[('normalize', TextNormalizer_lemmatize(language=None)),\n                ('vectorize',\n                 TfidfVectorizer(analyzer='word', binary=False,\n                                 decode_error='strict',\n                                 dtype=<class 'numpy.float64'>,\n                                 encoding='utf-8', input='content',\n                                 lowercase=False, max_df=1.0, max_features=None,\n                                 min_df=1, ngram_range=(1, 2), norm='l2',\n                                 preprocessor=None, smooth_idf=True,\n                                 stop_words...\n                 TruncatedSVD(algorithm='randomized', n_components=600,\n                              n_iter=5, random_state=None, tol=0.0)),\n                ('classifier',\n                 LogisticRegression(C=1.0, class_weight=None, dual=False,\n                                    fit_intercept=True, intercept_scaling=1,\n                                    l1_ratio=None, max_iter=100,\n                                    multi_class='warn', n_jobs=None,\n                                    penalty='l2', random_state=None,\n                                    solver='warn', tol=0.0001, verbose=0,\n                                    warm_start=False))],\n         verbose=False)", "name": "LogisticRegression (TruncatedSVD)", "accuracy": [0.6341463414634146, 0.7048780487804878, 0.7317073170731707, 0.6951219512195121, 0.6902439024390243, 0.7024390243902439, 0.7121951219512195, 0.7090464547677262, 0.7017114914425427, 0.7408312958435208, 0.6601466992665037, 0.6772616136919315], "precision": [0.6324065808544744, 0.7032025255993075, 0.7280798002430309, 0.6906423256108101, 0.6968866875505544, 0.700311319509214, 0.7125337390194828, 0.7115183843869978, 0.6975979336404258, 0.7403651860274405, 0.6544623180191319, 0.6735990548235178], "recall": [0.6341463414634146, 0.7048780487804878, 0.7317073170731707, 0.6951219512195121, 0.6902439024390243, 0.7024390243902439, 0.7121951219512195, 0.7090464547677262, 0.7017114914425427, 0.7408312958435208, 0.6601466992665037, 0.6772616136919315], "f1": [0.6317543304259078, 0.7039341758910722, 0.7280813704709874, 0.6919310742470818, 0.6848935509722974, 0.7005434052274407, 0.7026630516247305, 0.705526876933036, 0.6982591836467862, 0.7369775101941705, 0.655176851721746, 0.6730422829552852], "time": [25.36480450630188, 24.75799822807312, 24.51565718650818, 24.622358083724976, 24.602381706237793, 24.572473287582397, 24.952512979507446, 24.577475786209106, 24.81783652305603, 24.844722747802734, 24.763898134231567, 25.539043426513672]}
{"model": "Pipeline(memory=None,\n         steps=[('normalize', TextNormalizer_lemmatize(language=None)),\n                ('vectorize',\n                 TfidfVectorizer(analyzer='word', binary=False,\n                                 decode_error='strict',\n                                 dtype=<class 'numpy.float64'>,\n                                 encoding='utf-8', input='content',\n                                 lowercase=False, max_df=1.0, max_features=None,\n                                 min_df=1, ngram_range=(1, 2), norm='l2',\n                                 preprocessor=None, smooth_idf=True,\n                                 stop_words...\n                                 token_pattern='(?u)\\\\b\\\\w\\\\w+\\\\b',\n                                 tokenizer=<function identity at 0x0000019B4DF17678>,\n                                 use_idf=True, vocabulary=None)),\n                ('classifier',\n                 LogisticRegression(C=1.0, class_weight=None, dual=False,\n                                    fit_intercept=True, intercept_scaling=1,\n                                    l1_ratio=None, max_iter=100,\n                                    multi_class='warn', n_jobs=None,\n                                    penalty='l2', random_state=None,\n                                    solver='warn', tol=0.0001, verbose=0,\n                                    warm_start=False))],\n         verbose=False)", "name": "LogisticRegression", "accuracy": [0.6878048780487804, 0.6804878048780488, 0.7146341463414634, 0.7414634146341463, 0.6926829268292682, 0.7024390243902439, 0.6829268292682927, 0.7017114914425427, 0.7383863080684596, 0.6968215158924206, 0.7457212713936431, 0.7139364303178484], "precision": [0.6964565697790676, 0.6766135084427767, 0.7096023909625476, 0.739437475321204, 0.6975126355535741, 0.6987414895811842, 0.6962418228152859, 0.7028776549748217, 0.7371395085609727, 0.6937113476197325, 0.7428995402192801, 0.7144964854559548], "recall": [0.6878048780487804, 0.6804878048780488, 0.7146341463414634, 0.7414634146341463, 0.6926829268292682, 0.7024390243902439, 0.6829268292682927, 0.7017114914425427, 0.7383863080684596, 0.6968215158924206, 0.7457212713936431, 0.7139364303178484], "f1": [0.6804177345197301, 0.6776256022814825, 0.7105258361000757, 0.7378012026051544, 0.6945074437757364, 0.6994952554007671, 0.6750388570062171, 0.6972731996547118, 0.7372205475016816, 0.6941791067442179, 0.7424513259404674, 0.7057603124408882], "time": [1.4997682571411133, 1.449101448059082, 1.5169503688812256, 1.49900484085083, 1.4381229877471924, 1.4291877746582031, 1.5039544105529785, 1.8149738311767578, 1.4900262355804443, 1.4900226593017578, 1.50099515914917, 1.3932511806488037]}
{"model": "Pipeline(memory=None,\n         steps=[('normalize', TextNormalizer_lemmatize(language=None)),\n                ('vectorize',\n                 TfidfVectorizer(analyzer='word', binary=False,\n                                 decode_error='strict',\n                                 dtype=<class 'numpy.float64'>,\n                                 encoding='utf-8', input='content',\n                                 lowercase=False, max_df=1.0, max_features=None,\n                                 min_df=1, ngram_range=(1, 2), norm='l2',\n                                 preprocessor=None, smooth_idf=True,\n                                 stop_words...\n                 SGDClassifier(alpha=0.0001, average=False, class_weight=None,\n                               early_stopping=False, epsilon=0.1, eta0=0.0,\n                               fit_intercept=True, l1_ratio=0.15,\n                               learning_rate='optimal', loss='hinge',\n                               max_iter=1000, n_iter_no_change=5, n_jobs=None,\n                               penalty='l2', power_t=0.5, random_state=None,\n                               shuffle=True, tol=0.001, validation_fraction=0.1,\n                               verbose=0, warm_start=False))],\n         verbose=False)", "name": "SGDClassifier (TruncatedSVD)", "accuracy": [0.651219512195122, 0.6926829268292682, 0.7195121951219512, 0.7024390243902439, 0.6487804878048781, 0.6487804878048781, 0.7, 0.6919315403422983, 0.726161369193154, 0.6723716381418093, 0.7334963325183375, 0.6356968215158925], "precision": [0.6976509363680421, 0.6874712643678161, 0.7198021026592456, 0.7052185293283567, 0.6610032011868381, 0.6720699330887114, 0.7058241758241759, 0.6994396634346245, 0.7412211885199793, 0.6804547367591314, 0.7323576692324913, 0.6819205046723051], "recall": [0.651219512195122, 0.6926829268292682, 0.7195121951219512, 0.7024390243902439, 0.6487804878048781, 0.6487804878048781, 0.7, 0.6919315403422983, 0.726161369193154, 0.6723716381418093, 0.7334963325183375, 0.6356968215158925], "f1": [0.6490865078006051, 0.6814904351482026, 0.7196528392524406, 0.7034117755454966, 0.6514409857449863, 0.6498675958188154, 0.6902811123504169, 0.6936931871992316, 0.7136074866863663, 0.672783054353959, 0.7328157860229028, 0.6325154392783713],