{"model": "Pipeline(memory=None,\n         steps=[('normalize', TextNormalizer_lemmatize(language=None)),\n                ('ngram_vect',\n                 TfidfVectorizer(analyzer='word', binary=False,\n                                 decode_error='strict',\n                                 dtype=<class 'numpy.float64'>,\n                                 encoding='utf-8', input='content',\n                                 lowercase=False, max_df=1.0, max_features=None,\n                                 min_df=1, ngram_range=(1, 2), norm='l2',\n                                 preprocessor=None, smooth_idf=True,\n                                 stop_word...\n                 TruncatedSVD(algorithm='randomized', n_components=600,\n                              n_iter=5, random_state=None, tol=0.0)),\n                ('classifier',\n                 LogisticRegression(C=1.0, class_weight=None, dual=False,\n                                    fit_intercept=True, intercept_scaling=1,\n                                    l1_ratio=None, max_iter=100,\n                                    multi_class='warn', n_jobs=None,\n                                    penalty='l2', random_state=None,\n                                    solver='warn', tol=0.0001, verbose=0,\n                                    warm_start=False))],\n         verbose=False)", "name": "LogisticRegression (TruncatedSVD)", "size": [[3517, 320], [3517, 320], [3517, 320], [3517, 320], [3517, 320], [3517, 320], [3517, 320], [3517, 320], [3517, 320], [3518, 319], [3518, 319], [3518, 319]], "accuracy": [0.703125, 0.74375, 0.74375, 0.703125, 0.70625, 0.725, 0.71875, 0.709375, 0.7125, 0.7272727272727273, 0.677115987460815, 0.7523510971786834], "precision": [0.6892688679245282, 0.7450827205882353, 0.7317698736509607, 0.6996565656565655, 0.7001691017316019, 0.7179849960515925, 0.7177286505007908, 0.7006690705128206, 0.6982843137254903, 0.7042585021730999, 0.6608316980467385, 0.7650163946240047], "recall": [0.703125, 0.74375, 0.74375, 0.703125, 0.70625, 0.725, 0.71875, 0.709375, 0.7125, 0.7272727272727273, 0.677115987460815, 0.7523510971786834], "f1_valid": [0.6708333333333333, 0.7107857677302122, 0.7202604166666666, 0.6603697696192851, 0.674264705882353, 0.697588781275222, 0.682421875, 0.6813488662103453, 0.6755157394046283, 0.6999105394955027, 0.6369773406589037, 0.726731926698492], "f1_train": [0.7208700223218588, 0.7085937841800068, 0.7204943946446866, 0.71186195651957, 0.7142538751263822, 0.7098514063422927, 0.7149416194275278, 0.7193381918141274, 0.720395580305329, 0.7144921778303235, 0.7196329046510787, 0.7105731544474974], "time": [36.95981001853943, 34.57340145111084, 32.575623750686646, 35.03889489173889, 33.47183656692505, 35.38597798347473, 35.99083757400513, 35.58298420906067, 33.72119426727295, 35.663838624954224, 33.35556077957153, 33.74993968009949]}
{"model": "Pipeline(memory=None,\n         steps=[('normalize', TextNormalizer_lemmatize(language=None)),\n                ('ngram_vect',\n                 TfidfVectorizer(analyzer='word', binary=False,\n                                 decode_error='strict',\n                                 dtype=<class 'numpy.float64'>,\n                                 encoding='utf-8', input='content',\n                                 lowercase=False, max_df=1.0, max_features=None,\n                                 min_df=1, ngram_range=(1, 2), norm='l2',\n                                 preprocessor=None, smooth_idf=True,\n                                 stop_word...\n                                 token_pattern='(?u)\\\\b\\\\w\\\\w+\\\\b',\n                                 tokenizer=<function identity at 0x00000246DC0D25E8>,\n                                 use_idf=True, vocabulary=None)),\n                ('classifier',\n                 LogisticRegression(C=1.0, class_weight=None, dual=False,\n                                    fit_intercept=True, intercept_scaling=1,\n                                    l1_ratio=None, max_iter=100,\n                                    multi_class='warn', n_jobs=None,\n                                    penalty='l2', random_state=None,\n                                    solver='warn', tol=0.0001, verbose=0,\n                                    warm_start=False))],\n         verbose=False)", "name": "LogisticRegression", "size": [[3517, 320], [3517, 320], [3517, 320], [3517, 320], [3517, 320], [3517, 320], [3517, 320], [3517, 320], [3517, 320], [3518, 319], [3518, 319], [3518, 319]], "accuracy": [0.709375, 0.70625, 0.715625, 0.728125, 0.7125, 0.73125, 0.6875, 0.71875, 0.728125, 0.7335423197492164, 0.7398119122257053, 0.7304075235109718], "precision": [0.6939322358594714, 0.7107980120030006, 0.7183061749571182, 0.7206818181818182, 0.7019074675324676, 0.7259690028427729, 0.6787443438914027, 0.7043584627159414, 0.7150864160914582, 0.7136761236305804, 0.7262780978035994, 0.736078116373683], "recall": [0.709375, 0.70625, 0.715625, 0.728125, 0.7125, 0.73125, 0.6875, 0.71875, 0.728125, 0.7335423197492164, 0.7398119122257053, 0.7304075235109718], "f1_valid": [0.6817919130027472, 0.6776816361556064, 0.6833966134241076, 0.6990286298568508, 0.68211453408571, 0.6992354509165397, 0.6601473112128147, 0.685761681500318, 0.7149336023543855, 0.707366513255456, 0.7146947709214346, 0.6956580120932307], "f1_train": [0.8135588137169113, 0.8142693050415429, 0.8124922049758342, 0.8136427442972762, 0.818047209502821, 0.8168010032011351, 0.8133657641728081, 0.8142777129657524, 0.8130291597756062, 0.8142196193382593, 0.8123078961564766, 0.8124375703777065], "time": [4.750135898590088, 4.577280521392822, 4.660660028457642, 4.662656307220459, 4.7173683643341064, 4.579901218414307, 5.225168943405151, 5.7499542236328125, 4.926308631896973, 4.70269775390625, 4.604973077774048, 4.978627920150757]}
{"model": "Pipeline(memory=None,\n         steps=[('normalize', TextNormalizer_lemmatize(language=None)),\n                ('ngram_vect',\n                 TfidfVectorizer(analyzer='word', binary=False,\n                                 decode_error='strict',\n                                 dtype=<class 'numpy.float64'>,\n                                 encoding='utf-8', input='content',\n                                 lowercase=False, max_df=1.0, max_features=None,\n                                 min_df=1, ngram_range=(1, 2), norm='l2',\n                                 preprocessor=None, smooth_idf=True,\n                                 stop_word...\n                 SGDClassifier(alpha=0.0001, average=False, class_weight=None,\n                               early_stopping=False, epsilon=0.1, eta0=0.0,\n                               fit_intercept=True, l1_ratio=0.15,\n                               learning_rate='optimal', loss='hinge',\n                               max_iter=1000, n_iter_no_change=5, n_jobs=None,\n                               penalty='l2', power_t=0.5, random_state=None,\n                               shuffle=True, tol=0.001, validation_fraction=0.1,\n                               verbose=0, warm_start=False))],\n         verbose=False)", "name": "SGDClassifier (TruncatedSVD)", "size": [[3517, 320], [3517, 320], [3517, 320], [3517, 320], [3517, 320], [3517, 320], [3517, 320], [3517, 320], [3517, 320], [3518, 319], [3518, 319], [3518, 319]], "accuracy": [0.721875, 0.7375, 0.746875, 0.7375, 0.740625, 0.684375, 0.725, 0.709375, 0.6625, 0.7429467084639498, 0.7053291536050157, 0.6990595611285266], "precision": [0.7353548204693242, 0.7290510204081633, 0.7477020273790914, 0.7223408127096652, 0.7347005208333333, 0.6758448818716676, 0.7096638655462184, 0.7032403471880453, 0.674489122935184, 0.7360376799388637, 0.7024223425477344, 0.6917110645655566], "recall": [0.721875, 0.7375, 0.746875, 0.7375, 0.740625, 0.684375, 0.725, 0.709375, 0.6625, 0.7429467084639498, 0.7053291536050157, 0.6990595611285266],