{"model": "Pipeline(memory=None,\n         steps=[('normalize', TextNormalizer_lemmatize(language=None)),\n                ('ngram_vect',\n                 TfidfVectorizer(analyzer='word', binary=False,\n                                 decode_error='strict',\n                                 dtype=<class 'numpy.float64'>,\n                                 encoding='utf-8', input='content',\n                                 lowercase=False, max_df=1.0, max_features=None,\n                                 min_df=1, ngram_range=(1, 2), norm='l2',\n                                 preprocessor=None, smooth_idf=True,\n                                 stop_word...\n                 TruncatedSVD(algorithm='randomized', n_components=600,\n                              n_iter=5, random_state=None, tol=0.0)),\n                ('classifier',\n                 LogisticRegression(C=1.0, class_weight=None, dual=False,\n                                    fit_intercept=True, intercept_scaling=1,\n                                    l1_ratio=None, max_iter=100,\n                                    multi_class='warn', n_jobs=None,\n                                    penalty='l2', random_state=None,\n                                    solver='warn', tol=0.0001, verbose=0,\n                                    warm_start=False))],\n         verbose=False)", "name": "LogisticRegression (TruncatedSVD)", "accuracy": [0.6878048780487804, 0.7024390243902439, 0.7121951219512195, 0.6804878048780488, 0.724390243902439, 0.7170731707317073, 0.6829268292682927, 0.684596577017115, 0.6674816625916871, 0.7090464547677262, 0.706601466992665, 0.6894865525672371], "precision": [0.6813613676702983, 0.7004327222295731, 0.7087328820056261, 0.6775785625028926, 0.7233992395290559, 0.7149750852347233, 0.6801296789946316, 0.6829922510170618, 0.6637595219875592, 0.7070005378373843, 0.7037820709641178, 0.6875696821515893], "recall": [0.6878048780487804, 0.7024390243902439, 0.7121951219512195, 0.6804878048780488, 0.724390243902439, 0.7170731707317073, 0.6829268292682927, 0.684596577017115, 0.6674816625916871, 0.7090464547677262, 0.706601466992665, 0.6894865525672371], "f1": [0.681247819539575, 0.7011651173859409, 0.7087172049435053, 0.6772129129554043, 0.7189586136313981, 0.7142736473746927, 0.6760299429987577, 0.6797345952479964, 0.6624099418072336, 0.7057188118314728, 0.7022355491996126, 0.686675541625525], "time": [35.8097448348999, 30.88630485534668, 32.39983797073364, 30.843870878219604, 30.478883743286133, 30.520099878311157, 31.221054315567017, 31.396791219711304, 28.704941272735596, 29.565940856933594, 25.304354906082153, 33.80028009414673]}
{"model": "Pipeline(memory=None,\n         steps=[('normalize', TextNormalizer_lemmatize(language=None)),\n                ('ngram_vect',\n                 TfidfVectorizer(analyzer='word', binary=False,\n                                 decode_error='strict',\n                                 dtype=<class 'numpy.float64'>,\n                                 encoding='utf-8', input='content',\n                                 lowercase=False, max_df=1.0, max_features=None,\n                                 min_df=1, ngram_range=(1, 2), norm='l2',\n                                 preprocessor=None, smooth_idf=True,\n                                 stop_word...\n                                 token_pattern='(?u)\\\\b\\\\w\\\\w+\\\\b',\n                                 tokenizer=<function identity at 0x1081c8560>,\n                                 use_idf=True, vocabulary=None)),\n                ('classifier',\n                 LogisticRegression(C=1.0, class_weight=None, dual=False,\n                                    fit_intercept=True, intercept_scaling=1,\n                                    l1_ratio=None, max_iter=100,\n                                    multi_class='warn', n_jobs=None,\n                                    penalty='l2', random_state=None,\n                                    solver='warn', tol=0.0001, verbose=0,\n                                    warm_start=False))],\n         verbose=False)", "name": "LogisticRegression", "accuracy": [0.7195121951219512, 0.7365853658536585, 0.7024390243902439, 0.6951219512195121, 0.7, 0.7341463414634146, 0.7048780487804878, 0.7555012224938875, 0.6650366748166259, 0.7237163814180929, 0.687041564792176, 0.687041564792176], "precision": [0.7148550221364891, 0.7363073575734579, 0.6998557239619719, 0.6857718578615624, 0.6993765984654732, 0.7334649632210607, 0.7073078169111862, 0.7555012224938875, 0.6615446670305549, 0.7252079640609503, 0.6840272220939835, 0.6871435319802471], "recall": [0.7195121951219512, 0.7365853658536585, 0.7024390243902439, 0.6951219512195121, 0.7, 0.7341463414634146, 0.7048780487804878, 0.7555012224938875, 0.6650366748166259, 0.7237163814180929, 0.687041564792176, 0.687041564792176], "f1": [0.7148190700865235, 0.7317274849062105, 0.6977524390243901, 0.6872911688521548, 0.693012729844413, 0.7287837338739758, 0.7007810087254192, 0.7555012224938875, 0.6582453243497964, 0.7217067658819981, 0.6851186799097928, 0.6832988693461007], "time": [1.8865530490875244, 2.065593719482422, 2.0030689239501953, 1.795177936553955, 1.7713758945465088, 1.97017502784729, 1.91579008102417, 1.8576099872589111, 1.9379291534423828, 1.8908710479736328, 1.7566242218017578, 1.755460262298584]}
{"model": "Pipeline(memory=None,\n         steps=[('normalize', TextNormalizer_lemmatize(language=None)),\n                ('ngram_vect',\n                 TfidfVectorizer(analyzer='word', binary=False,\n                                 decode_error='strict',\n                                 dtype=<class 'numpy.float64'>,\n                                 encoding='utf-8', input='content',\n                                 lowercase=False, max_df=1.0, max_features=None,\n                                 min_df=1, ngram_range=(1, 2), norm='l2',\n                                 preprocessor=None, smooth_idf=True,\n                                 stop_word...\n                 SGDClassifier(alpha=0.0001, average=False, class_weight=None,\n                               early_stopping=False, epsilon=0.1, eta0=0.0,\n                               fit_intercept=True, l1_ratio=0.15,\n                               learning_rate='optimal', loss='hinge',\n                               max_iter=1000, n_iter_no_change=5, n_jobs=None,\n                               penalty='l2', power_t=0.5, random_state=None,\n                               shuffle=True, tol=0.001, validation_fraction=0.1,\n                               verbose=0, warm_start=False))],\n         verbose=False)", "name": "SGDClassifier (TruncatedSVD)", "accuracy": [0.6951219512195121, 0.7536585365853659, 0.7390243902439024, 0.6878048780487804, 0.6682926829268293, 0.6853658536585366, 0.7170731707317073, 0.6821515892420538, 0.6894865525672371, 0.7481662591687042, 0.6748166259168704, 0.6919315403422983], "precision": [0.6934317073170733, 0.7528286341047552, 0.7362710656770451, 0.688878465707734, 0.668757498968142, 0.6844429136469604, 0.7170731707317073, 0.7107876516692184, 0.6971053310562593, 0.746704587420825, 0.673892927206529, 0.7086723795369885], "recall": [0.6951219512195121, 0.7536585365853659, 0.7390243902439024, 0.6878048780487804, 0.6682926829268293, 0.6853658536585366, 0.7170731707317073, 0.6821515892420538, 0.6894865525672371, 0.7481662591687042, 0.6748166259168704, 0.6919315403422983], "f1": [0.6924173412201677, 0.7486641667948195, 0.7311082584510057, 0.6882762422013465, 0.6657958148980029, 0.684802024008431, 0.7170731707317073, 0.6854335033706559, 0.6902896767060844, 0.7428631371694626, 0.6743183909596624, 0.6961169646526859],