{"model": "Pipeline(memory=None,\n         steps=[('normalize', TextNormalizer_lemmatize(language=None)),\n                ('ngram_vect',\n                 TfidfVectorizer(analyzer='word', binary=False,\n                                 decode_error='strict',\n                                 dtype=<class 'numpy.float64'>,\n                                 encoding='utf-8', input='content',\n                                 lowercase=False, max_df=1.0, max_features=None,\n                                 min_df=1, ngram_range=(1, 2), norm='l2',\n                                 preprocessor=None, smooth_idf=True,\n                                 stop_word...\n                 TruncatedSVD(algorithm='randomized', n_components=600,\n                              n_iter=5, random_state=None, tol=0.0)),\n                ('classifier',\n                 LogisticRegression(C=1.0, class_weight=None, dual=False,\n                                    fit_intercept=True, intercept_scaling=1,\n                                    l1_ratio=None, max_iter=100,\n                                    multi_class='warn', n_jobs=None,\n                                    penalty='l2', random_state=None,\n                                    solver='warn', tol=0.0001, verbose=0,\n                                    warm_start=False))],\n         verbose=False)", "name": "LogisticRegression (TruncatedSVD)", "accuracy": [0.7290167865707434, 0.697841726618705, 0.6930455635491607, 0.7026378896882494, 0.6762589928057554, 0.6810551558752997, 0.6714628297362111, 0.6522781774580336, 0.6730769230769231, 0.6658653846153846, 0.6778846153846154, 0.6850961538461539], "precision": [0.7182382266651157, 0.6886996150206272, 0.6780670953953017, 0.696077100583684, 0.6556688714962097, 0.6643585805512893, 0.6597984714558495, 0.6406745571284906, 0.6622102781450555, 0.6593816489743017, 0.6611472085097712, 0.6688739919645517], "recall": [0.7290167865707434, 0.697841726618705, 0.6930455635491607, 0.7026378896882494, 0.6762589928057554, 0.6810551558752997, 0.6714628297362111, 0.6522781774580336, 0.6730769230769231, 0.6658653846153846, 0.6778846153846154, 0.6850961538461539], "f1": [0.7228613007030272, 0.6914881295987615, 0.6834312390790471, 0.6922077458308267, 0.6613975342965736, 0.6715681207626242, 0.6634733878535362, 0.636957990350043, 0.6644195194340543, 0.6560038278750585, 0.6689651702786379, 0.6761970595260108], "time": [31.363916873931885, 31.49180316925049, 29.221282243728638, 30.606635808944702, 28.457616090774536, 28.453934907913208, 28.025848865509033, 28.804114818572998, 28.057853937149048, 27.55528974533081, 28.487359046936035, 29.1874520778656]}
{"model": "Pipeline(memory=None,\n         steps=[('normalize', TextNormalizer_lemmatize(language=None)),\n                ('ngram_vect',\n                 TfidfVectorizer(analyzer='word', binary=False,\n                                 decode_error='strict',\n                                 dtype=<class 'numpy.float64'>,\n                                 encoding='utf-8', input='content',\n                                 lowercase=False, max_df=1.0, max_features=None,\n                                 min_df=1, ngram_range=(1, 2), norm='l2',\n                                 preprocessor=None, smooth_idf=True,\n                                 stop_word...\n                                 token_pattern='(?u)\\\\b\\\\w\\\\w+\\\\b',\n                                 tokenizer=<function identity at 0x1a147d7a70>,\n                                 use_idf=True, vocabulary=None)),\n                ('classifier',\n                 LogisticRegression(C=1.0, class_weight=None, dual=False,\n                                    fit_intercept=True, intercept_scaling=1,\n                                    l1_ratio=None, max_iter=100,\n                                    multi_class='warn', n_jobs=None,\n                                    penalty='l2', random_state=None,\n                                    solver='warn', tol=0.0001, verbose=0,\n                                    warm_start=False))],\n         verbose=False)", "name": "LogisticRegression", "accuracy": [0.7122302158273381, 0.7074340527577938, 0.6882494004796164, 0.7218225419664268, 0.657074340527578, 0.6762589928057554, 0.7002398081534772, 0.7074340527577938, 0.6971153846153846, 0.6610576923076923, 0.7067307692307693, 0.7067307692307693], "precision": [0.6952616055466289, 0.6954757049974993, 0.680318083195781, 0.7140468963571537, 0.6381509511005914, 0.6621054298567104, 0.6879158924516017, 0.6959707517432766, 0.6801952835343246, 0.6396620046620047, 0.7037034163899836, 0.7023675791808025], "recall": [0.7122302158273381, 0.7074340527577938, 0.6882494004796164, 0.7218225419664268, 0.657074340527578, 0.6762589928057554, 0.7002398081534772, 0.7074340527577938, 0.6971153846153846, 0.6610576923076923, 0.7067307692307693, 0.7067307692307693], "f1": [0.7026088220332823, 0.6992831662858797, 0.6823569715656045, 0.7176366726389629, 0.6459778148010971, 0.6668329963672335, 0.6915356603606005, 0.7011653486381545, 0.6871954281078269, 0.6427976522130348, 0.6952556241412545, 0.6952755770179032], "time": [1.9384119510650635, 1.981611967086792, 1.9565787315368652, 2.0033087730407715, 1.89827299118042, 2.2707550525665283, 1.9301881790161133, 1.8899309635162354, 1.949531078338623, 1.896655797958374, 1.97135591506958, 2.1873891353607178]}
{"model": "Pipeline(memory=None,\n         steps=[('normalize', TextNormalizer_lemmatize(language=None)),\n                ('ngram_vect',\n                 TfidfVectorizer(analyzer='word', binary=False,\n                                 decode_error='strict',\n                                 dtype=<class 'numpy.float64'>,\n                                 encoding='utf-8', input='content',\n                                 lowercase=False, max_df=1.0, max_features=None,\n                                 min_df=1, ngram_range=(1, 2), norm='l2',\n                                 preprocessor=None, smooth_idf=True,\n                                 stop_word...\n                 SGDClassifier(alpha=0.0001, average=False, class_weight=None,\n                               early_stopping=False, epsilon=0.1, eta0=0.0,\n                               fit_intercept=True, l1_ratio=0.15,\n                               learning_rate='optimal', loss='hinge',\n                               max_iter=1000, n_iter_no_change=5, n_jobs=None,\n                               penalty='l2', power_t=0.5, random_state=None,\n                               shuffle=True, tol=0.001, validation_fraction=0.1,\n                               verbose=0, warm_start=False))],\n         verbose=False)", "name": "SGDClassifier (TruncatedSVD)", "accuracy": [0.7074340527577938, 0.6618705035971223, 0.6954436450839329, 0.6546762589928058, 0.6906474820143885, 0.6690647482014388, 0.7362110311750599, 0.6906474820143885, 0.6634615384615384, 0.6971153846153846, 0.6947115384615384, 0.7163461538461539], "precision": [0.7027451209763895, 0.6527283544008782, 0.6794430204545486, 0.640389506576557, 0.6866019179045354, 0.6515886787575926, 0.7157221591148133, 0.6854711115627444, 0.651947161701497, 0.6931616097747616, 0.6830341751621872, 0.6956956225017061], "recall": [0.7074340527577938, 0.6618705035971223, 0.6954436450839329, 0.6546762589928058, 0.6906474820143885, 0.6690647482014388, 0.7362110311750599, 0.6906474820143885, 0.6634615384615384, 0.6971153846153846, 0.6947115384615384, 0.7163461538461539], "f1": [0.7048294056207098, 0.6570286090876516, 0.6864503983612094, 0.6472550599800574, 0.6885644593243774, 0.659173553603969, 0.7241791363763511, 0.6851341621236431, 0.6562287447943391, 0.6923949903085215, 0.6884578517283265, 0.7055068552278692],