{"model": "Pipeline(memory=None,\n         steps=[('normalize', TextNormalizer_lemmatize(language=None)),\n                ('ngram_vect',\n                 TfidfVectorizer(analyzer='word', binary=False,\n                                 decode_error='strict',\n                                 dtype=<class 'numpy.float64'>,\n                                 encoding='utf-8', input='content',\n                                 lowercase=False, max_df=1.0, max_features=None,\n                                 min_df=1, ngram_range=(1, 1), norm='l2',\n                                 preprocessor=None, smooth_idf=True,\n                                 stop_word...\n                 TruncatedSVD(algorithm='randomized', n_components=600,\n                              n_iter=5, random_state=None, tol=0.0)),\n                ('classifier',\n                 LogisticRegression(C=1.0, class_weight=None, dual=False,\n                                    fit_intercept=True, intercept_scaling=1,\n                                    l1_ratio=None, max_iter=100,\n                                    multi_class='warn', n_jobs=None,\n                                    penalty='l2', random_state=None,\n                                    solver='warn', tol=0.0001, verbose=0,\n                                    warm_start=False))],\n         verbose=False)", "name": "LogisticRegression (TruncatedSVD)", "size": [1404, 1404, 1404, 1404, 1404], "accuracy": [0.6866096866096866, 0.6866096866096866, 0.7008547008547008, 0.6752136752136753, 0.7122507122507122], "precision": [0.6918452331706241, 0.6815754046523277, 0.7037219958568274, 0.6660492021708752, 0.7126126691344082], "recall": [0.6866096866096866, 0.6866096866096866, 0.7008547008547008, 0.6752136752136753, 0.7122507122507122], "f1_valid": [0.6623289956623291, 0.6698431893715607, 0.6808364242326507, 0.6567224035843283, 0.6994303148253158], "f1_train": [0.7837407003229123, 0.7844619767696691, 0.7886595853534145, 0.7957716535019662, 0.7765201865924048], "time": [2.296341896057129, 2.3431930541992188, 2.2963409423828125, 2.2963037490844727, 2.327590227127075]}
{"model": "Pipeline(memory=None,\n         steps=[('normalize', TextNormalizer_lemmatize(language=None)),\n                ('ngram_vect',\n                 TfidfVectorizer(analyzer='word', binary=False,\n                                 decode_error='strict',\n                                 dtype=<class 'numpy.float64'>,\n                                 encoding='utf-8', input='content',\n                                 lowercase=False, max_df=1.0, max_features=None,\n                                 min_df=1, ngram_range=(1, 1), norm='l2',\n                                 preprocessor=None, smooth_idf=True,\n                                 stop_word...\n                                 token_pattern='(?u)\\\\b\\\\w\\\\w+\\\\b',\n                                 tokenizer=<function identity at 0x00000244BB522678>,\n                                 use_idf=True, vocabulary=None)),\n                ('classifier',\n                 LogisticRegression(C=1.0, class_weight=None, dual=False,\n                                    fit_intercept=True, intercept_scaling=1,\n                                    l1_ratio=None, max_iter=100,\n                                    multi_class='warn', n_jobs=None,\n                                    penalty='l2', random_state=None,\n                                    solver='warn', tol=0.0001, verbose=0,\n                                    warm_start=False))],\n         verbose=False)", "name": "LogisticRegression", "size": [1404, 1404, 1404, 1404, 1404], "accuracy": [0.6752136752136753, 0.7008547008547008, 0.7094017094017094, 0.6723646723646723, 0.7065527065527065], "precision": [0.6854575163398693, 0.6974481560935746, 0.6994270686578379, 0.6645505154889505, 0.7095367213840228], "recall": [0.6752136752136753, 0.7008547008547008, 0.7094017094017094, 0.6723646723646723, 0.7065527065527065], "f1_valid": [0.6582010582010583, 0.6887112881118336, 0.6962147295758638, 0.649877435265563, 0.6879919781380482], "f1_train": [0.8322561362872194, 0.8412529318533993, 0.8427595413570793, 0.847379418243069, 0.8327360866761951], "time": [0.6092123985290527, 0.5623626708984375, 0.5779881477355957, 0.5467283725738525, 0.5311238765716553]}
{"model": "Pipeline(memory=None,\n         steps=[('normalize', TextNormalizer_lemmatize(language=None)),\n                ('ngram_vect',\n                 TfidfVectorizer(analyzer='word', binary=False,\n                                 decode_error='strict',\n                                 dtype=<class 'numpy.float64'>,\n                                 encoding='utf-8', input='content',\n                                 lowercase=False, max_df=1.0, max_features=None,\n                                 min_df=1, ngram_range=(1, 1), norm='l2',\n                                 preprocessor=None, smooth_idf=True,\n                                 stop_word...\n                 SGDClassifier(alpha=0.0001, average=False, class_weight=None,\n                               early_stopping=False, epsilon=0.1, eta0=0.0,\n                               fit_intercept=True, l1_ratio=0.15,\n                               learning_rate='optimal', loss='hinge',\n                               max_iter=1000, n_iter_no_change=5, n_jobs=None,\n                               penalty='l2', power_t=0.5, random_state=None,\n                               shuffle=True, tol=0.001, validation_fraction=0.1,\n                               verbose=0, warm_start=False))],\n         verbose=False)", "name": "SGDClassifier (TruncatedSVD)", "size": [1404, 1404, 1404, 1404, 1404], "accuracy": [0.6609686609686609, 0.6866096866096866, 0.7094017094017094, 0.6780626780626781, 0.6638176638176638], "precision": [0.655209779141403, 0.7116721592118624, 0.7095725356884585, 0.674576041242708, 0.6787108638960491], "recall": [0.6609686609686609, 0.6866096866096866, 0.7094017094017094, 0.6780626780626781, 0.6638176638176638], "f1_valid": [0.6574379992323098, 0.6892942237871098, 0.701530585092229, 0.6664025070399573, 0.6676655877599462], "f1_train": [0.8978354132377357, 0.90031596407506, 0.8887104904546766, 0.8812942340074122, 0.8956376048366602], "time": [2.311924695968628, 2.2650487422943115, 2.280752658843994, 2.3119149208068848, 2.296304225921631]}
{"model": "Pipeline(memory=None,\n         steps=[('normalize', TextNormalizer_lemmatize(language=None)),\n                ('ngram_vect',\n                 TfidfVectorizer(analyzer='word', binary=False,\n                                 decode_error='strict',\n                                 dtype=<class 'numpy.float64'>,\n                                 encoding='utf-8', input='content',\n                                 lowercase=False, max_df=1.0, max_features=None,\n                                 min_df=1, ngram_range=(1, 1), norm='l2',\n                                 preprocessor=None, smooth_idf=True,\n                                 stop_word...\n                 SGDClassifier(alpha=0.0001, average=False, class_weight=None,\n                               early_stopping=False, epsilon=0.1, eta0=0.0,\n                               fit_intercept=True, l1_ratio=0.15,\n                               learning_rate='optimal', loss='hinge',\n                               max_iter=1000, n_iter_no_change=5, n_jobs=None,\n                               penalty='l2', power_t=0.5, random_state=None,\n                               shuffle=True, tol=0.001, validation_fraction=0.1,\n                               verbose=0, warm_start=False))],\n         verbose=False)", "name": "SGDClassifier", "size": [1404, 1404, 1404, 1404, 1404], "accuracy": [0.6609686609686609, 0.6752136752136753, 0.6638176638176638, 0.6353276353276354, 0.6695156695156695], "precision": [0.6614437546038093, 0.6890353236507083, 0.6609797390205331, 0.636010829045655, 0.6657720283674482],