{"model": "Pipeline(memory=None,\n         steps=[('normalize', TextNormalizer_lemmatize(language=None)),\n                ('ngram_vect',\n                 TfidfVectorizer(analyzer='word', binary=False,\n                                 decode_error='strict',\n                                 dtype=<class 'numpy.float64'>,\n                                 encoding='utf-8', input='content',\n                                 lowercase=False, max_df=1.0, max_features=None,\n                                 min_df=1, ngram_range=(1, 1), norm='l2',\n                                 preprocessor=None, smooth_idf=True,\n                                 stop_word...\n                 TruncatedSVD(algorithm='randomized', n_components=600,\n                              n_iter=5, random_state=None, tol=0.0)),\n                ('classifier',\n                 LogisticRegression(C=1.0, class_weight=None, dual=False,\n                                    fit_intercept=True, intercept_scaling=1,\n                                    l1_ratio=None, max_iter=100,\n                                    multi_class='warn', n_jobs=None,\n                                    penalty='l2', random_state=None,\n                                    solver='warn', tol=0.0001, verbose=0,\n                                    warm_start=False))],\n         verbose=False)", "name": "LogisticRegression (TruncatedSVD)", "size": [392, 393, 393, 393, 393], "accuracy": [0.7070707070707071, 0.6428571428571429, 0.6326530612244898, 0.673469387755102, 0.6428571428571429], "precision": [0.6863275613275613, 0.6709956709956709, 0.6071613830717473, 0.7922077922077921, 0.6671899529042387], "recall": [0.7070707070707071, 0.6428571428571429, 0.6326530612244898, 0.673469387755102, 0.6428571428571429], "f1_valid": [0.6418808305600758, 0.5770308123249299, 0.5904953530708058, 0.6092796092796093, 0.5565016293493114], "f1_train": [0.8583042516175222, 0.8452233189223207, 0.8442275644677375, 0.8143138313232609, 0.8159947790822539], "time": [1.6089670658111572, 0.5623362064361572, 0.5311100482940674, 0.5780129432678223, 0.6248428821563721]}
{"model": "Pipeline(memory=None,\n         steps=[('normalize', TextNormalizer_lemmatize(language=None)),\n                ('ngram_vect',\n                 TfidfVectorizer(analyzer='word', binary=False,\n                                 decode_error='strict',\n                                 dtype=<class 'numpy.float64'>,\n                                 encoding='utf-8', input='content',\n                                 lowercase=False, max_df=1.0, max_features=None,\n                                 min_df=1, ngram_range=(1, 1), norm='l2',\n                                 preprocessor=None, smooth_idf=True,\n                                 stop_word...\n                                 token_pattern='(?u)\\\\b\\\\w\\\\w+\\\\b',\n                                 tokenizer=<function identity at 0x00000244BB522678>,\n                                 use_idf=True, vocabulary=None)),\n                ('classifier',\n                 LogisticRegression(C=1.0, class_weight=None, dual=False,\n                                    fit_intercept=True, intercept_scaling=1,\n                                    l1_ratio=None, max_iter=100,\n                                    multi_class='warn', n_jobs=None,\n                                    penalty='l2', random_state=None,\n                                    solver='warn', tol=0.0001, verbose=0,\n                                    warm_start=False))],\n         verbose=False)", "name": "LogisticRegression", "size": [392, 393, 393, 393, 393], "accuracy": [0.6868686868686869, 0.6224489795918368, 0.6530612244897959, 0.6020408163265306, 0.6632653061224489], "precision": [0.7050098688029721, 0.66921768707483, 0.6028618343889279, 0.6142707866845798, 0.6517857142857143], "recall": [0.6868686868686869, 0.6224489795918368, 0.6530612244897959, 0.6020408163265306, 0.6632653061224489], "f1_valid": [0.633257655309429, 0.5376926280716368, 0.5914339419978517, 0.528791962754227, 0.5872581590775846], "f1_train": [0.8433855246479912, 0.821439065713875, 0.8559140769253095, 0.7854867590236546, 0.8552456455197018], "time": [0.1561870574951172, 0.18746018409729004, 0.15621304512023926, 0.18749070167541504, 0.17183136940002441]}
{"model": "Pipeline(memory=None,\n         steps=[('normalize', TextNormalizer_lemmatize(language=None)),\n                ('ngram_vect',\n                 TfidfVectorizer(analyzer='word', binary=False,\n                                 decode_error='strict',\n                                 dtype=<class 'numpy.float64'>,\n                                 encoding='utf-8', input='content',\n                                 lowercase=False, max_df=1.0, max_features=None,\n                                 min_df=1, ngram_range=(1, 1), norm='l2',\n                                 preprocessor=None, smooth_idf=True,\n                                 stop_word...\n                 SGDClassifier(alpha=0.0001, average=False, class_weight=None,\n                               early_stopping=False, epsilon=0.1, eta0=0.0,\n                               fit_intercept=True, l1_ratio=0.15,\n                               learning_rate='optimal', loss='hinge',\n                               max_iter=1000, n_iter_no_change=5, n_jobs=None,\n                               penalty='l2', power_t=0.5, random_state=None,\n                               shuffle=True, tol=0.001, validation_fraction=0.1,\n                               verbose=0, warm_start=False))],\n         verbose=False)", "name": "SGDClassifier (TruncatedSVD)", "size": [392, 393, 393, 393, 393], "accuracy": [0.7171717171717171, 0.6632653061224489, 0.7346938775510204, 0.5306122448979592, 0.6122448979591837], "precision": [0.7101571268237935, 0.6578278863993149, 0.7375850340136054, 0.6416966786714686, 0.6064869857427805], "recall": [0.7171717171717171, 0.6632653061224489, 0.7346938775510204, 0.5306122448979592, 0.6122448979591837], "f1_valid": [0.7056290517111414, 0.659922168114079, 0.7349149659863946, 0.5211930926216641, 0.6091237631416202], "f1_train": [1.0, 1.0, 0.9949185572697025, 0.9696556147885601, 1.0], "time": [0.6461970806121826, 0.5623519420623779, 0.5623550415039062, 0.6404612064361572, 0.5779767036437988]}
{"model": "Pipeline(memory=None,\n         steps=[('normalize', TextNormalizer_lemmatize(language=None)),\n                ('ngram_vect',\n                 TfidfVectorizer(analyzer='word', binary=False,\n                                 decode_error='strict',\n                                 dtype=<class 'numpy.float64'>,\n                                 encoding='utf-8', input='content',\n                                 lowercase=False, max_df=1.0, max_features=None,\n                                 min_df=1, ngram_range=(1, 1), norm='l2',\n                                 preprocessor=None, smooth_idf=True,\n                                 stop_word...\n                 SGDClassifier(alpha=0.0001, average=False, class_weight=None,\n                               early_stopping=False, epsilon=0.1, eta0=0.0,\n                               fit_intercept=True, l1_ratio=0.15,\n                               learning_rate='optimal', loss='hinge',\n                               max_iter=1000, n_iter_no_change=5, n_jobs=None,\n                               penalty='l2', power_t=0.5, random_state=None,\n                               shuffle=True, tol=0.001, validation_fraction=0.1,\n                               verbose=0, warm_start=False))],\n         verbose=False)", "name": "SGDClassifier", "size": [392, 393, 393, 393, 393], "accuracy": [0.6363636363636364, 0.7142857142857143, 0.6530612244897959, 0.6326530612244898, 0.6326530612244898], "precision": [0.633618323005726, 0.725417439703154, 0.6448861682371552, 0.6384717408976169, 0.6859641815910037],