{"model": "Pipeline(memory=None,\n         steps=[('normalize', TextNormalizer_lemmatize(language=None)),\n                ('ngram_vect',\n                 TfidfVectorizer(analyzer='word', binary=False,\n                                 decode_error='strict',\n                                 dtype=<class 'numpy.float64'>,\n                                 encoding='utf-8', input='content',\n                                 lowercase=False, max_df=1.0, max_features=None,\n                                 min_df=1, ngram_range=(1, 1), norm='l2',\n                                 preprocessor=None, smooth_idf=True,\n                                 stop_word...\n                 TruncatedSVD(algorithm='randomized', n_components=600,\n                              n_iter=5, random_state=None, tol=0.0)),\n                ('classifier',\n                 LogisticRegression(C=1.0, class_weight=None, dual=False,\n                                    fit_intercept=True, intercept_scaling=1,\n                                    l1_ratio=None, max_iter=100,\n                                    multi_class='warn', n_jobs=None,\n                                    penalty='l2', random_state=None,\n                                    solver='warn', tol=0.0001, verbose=0,\n                                    warm_start=False))],\n         verbose=False)", "name": "LogisticRegression (TruncatedSVD)", "size": [2162, 2162, 2162, 2163, 2163], "accuracy": [0.6987060998151571, 0.722735674676525, 0.6968576709796673, 0.7037037037037037, 0.6796296296296296], "precision": [0.7022869391406971, 0.7183079147113108, 0.7000402391733855, 0.7044753086419754, 0.6732510288065844], "recall": [0.6987060998151571, 0.722735674676525, 0.6968576709796673, 0.7037037037037037, 0.6796296296296296], "f1_valid": [0.6910708392270725, 0.7171509374879285, 0.6893728359063809, 0.694093362435071, 0.6741366963197779], "f1_train": [0.7731628201624009, 0.7842041099696767, 0.7878999442036795, 0.7835828643294492, 0.7786936893819678], "time": [3.3898162841796875, 3.608891010284424, 3.6054511070251465, 3.9318315982818604, 3.5936362743377686]}
{"model": "Pipeline(memory=None,\n         steps=[('normalize', TextNormalizer_lemmatize(language=None)),\n                ('ngram_vect',\n                 TfidfVectorizer(analyzer='word', binary=False,\n                                 decode_error='strict',\n                                 dtype=<class 'numpy.float64'>,\n                                 encoding='utf-8', input='content',\n                                 lowercase=False, max_df=1.0, max_features=None,\n                                 min_df=1, ngram_range=(1, 1), norm='l2',\n                                 preprocessor=None, smooth_idf=True,\n                                 stop_word...\n                                 token_pattern='(?u)\\\\b\\\\w\\\\w+\\\\b',\n                                 tokenizer=<function identity at 0x00000244BB522678>,\n                                 use_idf=True, vocabulary=None)),\n                ('classifier',\n                 LogisticRegression(C=1.0, class_weight=None, dual=False,\n                                    fit_intercept=True, intercept_scaling=1,\n                                    l1_ratio=None, max_iter=100,\n                                    multi_class='warn', n_jobs=None,\n                                    penalty='l2', random_state=None,\n                                    solver='warn', tol=0.0001, verbose=0,\n                                    warm_start=False))],\n         verbose=False)", "name": "LogisticRegression", "size": [2162, 2162, 2162, 2163, 2163], "accuracy": [0.6968576709796673, 0.7079482439926063, 0.7024029574861368, 0.7129629629629629, 0.725925925925926], "precision": [0.6952153859858919, 0.7061579981470956, 0.7041921225724368, 0.7116939288726999, 0.7217274552470083], "recall": [0.6968576709796673, 0.7079482439926063, 0.7024029574861368, 0.7129629629629629, 0.725925925925926], "f1_valid": [0.689233695200355, 0.7006446043979532, 0.6962193928190502, 0.7066336354793906, 0.7214845071055577], "f1_train": [0.8458392354273705, 0.8420584648288569, 0.8407720156538512, 0.8430391699257793, 0.8492149433188114], "time": [1.0154621601104736, 1.0467140674591064, 0.9842939376831055, 0.9373853206634521, 0.8791263103485107]}
{"model": "Pipeline(memory=None,\n         steps=[('normalize', TextNormalizer_lemmatize(language=None)),\n                ('ngram_vect',\n                 TfidfVectorizer(analyzer='word', binary=False,\n                                 decode_error='strict',\n                                 dtype=<class 'numpy.float64'>,\n                                 encoding='utf-8', input='content',\n                                 lowercase=False, max_df=1.0, max_features=None,\n                                 min_df=1, ngram_range=(1, 1), norm='l2',\n                                 preprocessor=None, smooth_idf=True,\n                                 stop_word...\n                 SGDClassifier(alpha=0.0001, average=False, class_weight=None,\n                               early_stopping=False, epsilon=0.1, eta0=0.0,\n                               fit_intercept=True, l1_ratio=0.15,\n                               learning_rate='optimal', loss='hinge',\n                               max_iter=1000, n_iter_no_change=5, n_jobs=None,\n                               penalty='l2', power_t=0.5, random_state=None,\n                               shuffle=True, tol=0.001, validation_fraction=0.1,\n                               verbose=0, warm_start=False))],\n         verbose=False)", "name": "SGDClassifier (TruncatedSVD)", "size": [2162, 2162, 2162, 2163, 2163], "accuracy": [0.7171903881700554, 0.6931608133086876, 0.7190388170055453, 0.6981481481481482, 0.6962962962962963], "precision": [0.7155678640181752, 0.7063740159558173, 0.716229240827293, 0.6959872916394656, 0.6952701619368287], "recall": [0.7171903881700554, 0.6931608133086876, 0.7190388170055453, 0.6981481481481482, 0.6962962962962963], "f1_valid": [0.7162571957211005, 0.6947581887010078, 0.7143120247514291, 0.6952849371360438, 0.6932833966935765], "f1_train": [0.8436996454836291, 0.8461576719303529, 0.8506519856020741, 0.8382790035265578, 0.8448049606167983], "time": [3.2588648796081543, 3.624673366546631, 3.3421454429626465, 3.610560178756714, 3.4690043926239014]}
{"model": "Pipeline(memory=None,\n         steps=[('normalize', TextNormalizer_lemmatize(language=None)),\n                ('ngram_vect',\n                 TfidfVectorizer(analyzer='word', binary=False,\n                                 decode_error='strict',\n                                 dtype=<class 'numpy.float64'>,\n                                 encoding='utf-8', input='content',\n                                 lowercase=False, max_df=1.0, max_features=None,\n                                 min_df=1, ngram_range=(1, 1), norm='l2',\n                                 preprocessor=None, smooth_idf=True,\n                                 stop_word...\n                 SGDClassifier(alpha=0.0001, average=False, class_weight=None,\n                               early_stopping=False, epsilon=0.1, eta0=0.0,\n                               fit_intercept=True, l1_ratio=0.15,\n                               learning_rate='optimal', loss='hinge',\n                               max_iter=1000, n_iter_no_change=5, n_jobs=None,\n                               penalty='l2', power_t=0.5, random_state=None,\n                               shuffle=True, tol=0.001, validation_fraction=0.1,\n                               verbose=0, warm_start=False))],\n         verbose=False)", "name": "SGDClassifier", "size": [2162, 2162, 2162, 2163, 2163], "accuracy": [0.6617375231053605, 0.6931608133086876, 0.66728280961183, 0.6796296296296296, 0.6555555555555556], "precision": [0.660741952291463, 0.6961972855121742, 0.6632533033378029, 0.6861494252873563, 0.6580870279146142],