{"model": "Pipeline(memory=None,\n         steps=[('normalize', TextNormalizer_lemmatize(language=None)),\n                ('ngram_vect',\n                 TfidfVectorizer(analyzer='word', binary=False,\n                                 decode_error='strict',\n                                 dtype=<class 'numpy.float64'>,\n                                 encoding='utf-8', input='content',\n                                 lowercase=False, max_df=1.0, max_features=None,\n                                 min_df=1, ngram_range=(1, 1), norm='l2',\n                                 preprocessor=None, smooth_idf=True,\n                                 stop_word...\n                 TruncatedSVD(algorithm='randomized', n_components=600,\n                              n_iter=5, random_state=None, tol=0.0)),\n                ('classifier',\n                 LogisticRegression(C=1.0, class_weight=None, dual=False,\n                                    fit_intercept=True, intercept_scaling=1,\n                                    l1_ratio=None, max_iter=100,\n                                    multi_class='warn', n_jobs=None,\n                                    penalty='l2', random_state=None,\n                                    solver='warn', tol=0.0001, verbose=0,\n                                    warm_start=False))],\n         verbose=False)", "name": "LogisticRegression (TruncatedSVD)", "size": [2920, 2921, 2921, 2921, 2921], "accuracy": [0.6922024623803009, 0.689041095890411, 0.7123287671232876, 0.6835616438356165, 0.673972602739726], "precision": [0.6879236985214, 0.6862886021596013, 0.708483537611151, 0.6851153797029117, 0.6701970866870277], "recall": [0.6922024623803009, 0.689041095890411, 0.7123287671232876, 0.6835616438356165, 0.673972602739726], "f1_valid": [0.6859789259906318, 0.6836098234000506, 0.7081904396972889, 0.6763488699091369, 0.6676778493555664], "f1_train": [0.765530771443536, 0.7647983502687438, 0.7619987749987882, 0.7650845690018959, 0.7708584297941471], "time": [4.3836774826049805, 4.40526556968689, 4.4208831787109375, 4.5458173751831055, 4.483378648757935]}
{"model": "Pipeline(memory=None,\n         steps=[('normalize', TextNormalizer_lemmatize(language=None)),\n                ('ngram_vect',\n                 TfidfVectorizer(analyzer='word', binary=False,\n                                 decode_error='strict',\n                                 dtype=<class 'numpy.float64'>,\n                                 encoding='utf-8', input='content',\n                                 lowercase=False, max_df=1.0, max_features=None,\n                                 min_df=1, ngram_range=(1, 1), norm='l2',\n                                 preprocessor=None, smooth_idf=True,\n                                 stop_word...\n                                 token_pattern='(?u)\\\\b\\\\w\\\\w+\\\\b',\n                                 tokenizer=<function identity at 0x00000244BB522678>,\n                                 use_idf=True, vocabulary=None)),\n                ('classifier',\n                 LogisticRegression(C=1.0, class_weight=None, dual=False,\n                                    fit_intercept=True, intercept_scaling=1,\n                                    l1_ratio=None, max_iter=100,\n                                    multi_class='warn', n_jobs=None,\n                                    penalty='l2', random_state=None,\n                                    solver='warn', tol=0.0001, verbose=0,\n                                    warm_start=False))],\n         verbose=False)", "name": "LogisticRegression", "size": [2920, 2921, 2921, 2921, 2921], "accuracy": [0.7113543091655267, 0.6863013698630137, 0.7178082191780822, 0.6972602739726027, 0.6931506849315069], "precision": [0.7121376009964437, 0.6844189507542016, 0.7137593248135949, 0.6951057997008528, 0.6901116438356165], "recall": [0.7113543091655267, 0.6863013698630137, 0.7178082191780822, 0.6972602739726027, 0.6931506849315069], "f1_valid": [0.7058561456296525, 0.6781172302149291, 0.7135432074170325, 0.6914320814915097, 0.6870687627054635], "f1_train": [0.8309098648806954, 0.8276644320528468, 0.8343035257473403, 0.8250827414002498, 0.8300613427400633], "time": [1.2965807914733887, 1.2965824604034424, 1.2497174739837646, 1.410621166229248, 1.2340991497039795]}
{"model": "Pipeline(memory=None,\n         steps=[('normalize', TextNormalizer_lemmatize(language=None)),\n                ('ngram_vect',\n                 TfidfVectorizer(analyzer='word', binary=False,\n                                 decode_error='strict',\n                                 dtype=<class 'numpy.float64'>,\n                                 encoding='utf-8', input='content',\n                                 lowercase=False, max_df=1.0, max_features=None,\n                                 min_df=1, ngram_range=(1, 1), norm='l2',\n                                 preprocessor=None, smooth_idf=True,\n                                 stop_word...\n                 SGDClassifier(alpha=0.0001, average=False, class_weight=None,\n                               early_stopping=False, epsilon=0.1, eta0=0.0,\n                               fit_intercept=True, l1_ratio=0.15,\n                               learning_rate='optimal', loss='hinge',\n                               max_iter=1000, n_iter_no_change=5, n_jobs=None,\n                               penalty='l2', power_t=0.5, random_state=None,\n                               shuffle=True, tol=0.001, validation_fraction=0.1,\n                               verbose=0, warm_start=False))],\n         verbose=False)", "name": "SGDClassifier (TruncatedSVD)", "size": [2920, 2921, 2921, 2921, 2921], "accuracy": [0.707250341997264, 0.7, 0.6917808219178082, 0.6972602739726027, 0.678082191780822], "precision": [0.7094693827929471, 0.7087003722084367, 0.6892669329131197, 0.6996967321340155, 0.6775084856978524], "recall": [0.707250341997264, 0.7, 0.6917808219178082, 0.6972602739726027, 0.678082191780822], "f1_valid": [0.7081691975817697, 0.690438863115235, 0.6873100942774283, 0.6878473139311047, 0.6777838681421646], "f1_train": [0.8088244491161746, 0.7892002886891695, 0.8137707321315765, 0.7913042531692301, 0.8106726083678049], "time": [4.452092409133911, 4.545792102813721, 4.452055931091309, 4.358335971832275, 4.655140399932861]}
{"model": "Pipeline(memory=None,\n         steps=[('normalize', TextNormalizer_lemmatize(language=None)),\n                ('ngram_vect',\n                 TfidfVectorizer(analyzer='word', binary=False,\n                                 decode_error='strict',\n                                 dtype=<class 'numpy.float64'>,\n                                 encoding='utf-8', input='content',\n                                 lowercase=False, max_df=1.0, max_features=None,\n                                 min_df=1, ngram_range=(1, 1), norm='l2',\n                                 preprocessor=None, smooth_idf=True,\n                                 stop_word...\n                 SGDClassifier(alpha=0.0001, average=False, class_weight=None,\n                               early_stopping=False, epsilon=0.1, eta0=0.0,\n                               fit_intercept=True, l1_ratio=0.15,\n                               learning_rate='optimal', loss='hinge',\n                               max_iter=1000, n_iter_no_change=5, n_jobs=None,\n                               penalty='l2', power_t=0.5, random_state=None,\n                               shuffle=True, tol=0.001, validation_fraction=0.1,\n                               verbose=0, warm_start=False))],\n         verbose=False)", "name": "SGDClassifier", "size": [2920, 2921, 2921, 2921, 2921], "accuracy": [0.7004103967168263, 0.6616438356164384, 0.684931506849315, 0.6602739726027397, 0.6643835616438356], "precision": [0.7016725193160745, 0.6640436698739394, 0.6851978787227122, 0.6592229025945331, 0.6716943290297485],