{"model": "Pipeline(memory=None,\n         steps=[('normalize', TextNormalizer_lemmatize(language=None)),\n                ('ngram_vect',\n                 TfidfVectorizer(analyzer='word', binary=False,\n                                 decode_error='strict',\n                                 dtype=<class 'numpy.float64'>,\n                                 encoding='utf-8', input='content',\n                                 lowercase=False, max_df=1.0, max_features=None,\n                                 min_df=1, ngram_range=(1, 1), norm='l2',\n                                 preprocessor=None, smooth_idf=True,\n                                 stop_word...\n                 TruncatedSVD(algorithm='randomized', n_components=600,\n                              n_iter=5, random_state=None, tol=0.0)),\n                ('classifier',\n                 LogisticRegression(C=1.0, class_weight=None, dual=False,\n                                    fit_intercept=True, intercept_scaling=1,\n                                    l1_ratio=None, max_iter=100,\n                                    multi_class='warn', n_jobs=None,\n                                    penalty='l2', random_state=None,\n                                    solver='warn', tol=0.0001, verbose=0,\n                                    warm_start=False))],\n         verbose=False)", "name": "LogisticRegression (TruncatedSVD)", "size": [645, 645, 646, 646, 646], "accuracy": [0.6975308641975309, 0.6975308641975309, 0.6645962732919255, 0.6335403726708074, 0.6708074534161491], "precision": [0.6895804691080282, 0.721401622663222, 0.661729574773053, 0.6397073136203572, 0.705644072373751], "recall": [0.6975308641975309, 0.6975308641975309, 0.6645962732919255, 0.6335403726708074, 0.6708074534161491], "f1_valid": [0.6742426177038908, 0.6528193301185343, 0.6217912522260348, 0.5855669754320514, 0.6216595475366292], "f1_train": [0.8350707901388811, 0.8457366041030249, 0.8339143278158878, 0.8238089876315687, 0.8359069772538883], "time": [1.2723944187164307, 1.3434412479400635, 1.312199354171753, 1.22977876663208, 1.265300989151001]}
{"model": "Pipeline(memory=None,\n         steps=[('normalize', TextNormalizer_lemmatize(language=None)),\n                ('ngram_vect',\n                 TfidfVectorizer(analyzer='word', binary=False,\n                                 decode_error='strict',\n                                 dtype=<class 'numpy.float64'>,\n                                 encoding='utf-8', input='content',\n                                 lowercase=False, max_df=1.0, max_features=None,\n                                 min_df=1, ngram_range=(1, 1), norm='l2',\n                                 preprocessor=None, smooth_idf=True,\n                                 stop_word...\n                                 token_pattern='(?u)\\\\b\\\\w\\\\w+\\\\b',\n                                 tokenizer=<function identity at 0x00000244BB522678>,\n                                 use_idf=True, vocabulary=None)),\n                ('classifier',\n                 LogisticRegression(C=1.0, class_weight=None, dual=False,\n                                    fit_intercept=True, intercept_scaling=1,\n                                    l1_ratio=None, max_iter=100,\n                                    multi_class='warn', n_jobs=None,\n                                    penalty='l2', random_state=None,\n                                    solver='warn', tol=0.0001, verbose=0,\n                                    warm_start=False))],\n         verbose=False)", "name": "LogisticRegression", "size": [645, 645, 646, 646, 646], "accuracy": [0.6481481481481481, 0.7222222222222222, 0.6459627329192547, 0.6459627329192547, 0.6832298136645962], "precision": [0.6292545210455659, 0.7144024024024023, 0.6280635628461715, 0.7099198847781079, 0.6966162502173122], "recall": [0.6481481481481481, 0.7222222222222222, 0.6459627329192547, 0.6459627329192547, 0.6832298136645962], "f1_valid": [0.6076216785755395, 0.7042570034985571, 0.6011128174514566, 0.5928694557692834, 0.6492980199973214], "f1_train": [0.8557878491561496, 0.8495330305465022, 0.8357735828749749, 0.8221256918156187, 0.8273281444934633], "time": [0.2655613422393799, 0.2968435287475586, 0.2584726810455322, 0.24994206428527832, 0.23435115814208984]}
{"model": "Pipeline(memory=None,\n         steps=[('normalize', TextNormalizer_lemmatize(language=None)),\n                ('ngram_vect',\n                 TfidfVectorizer(analyzer='word', binary=False,\n                                 decode_error='strict',\n                                 dtype=<class 'numpy.float64'>,\n                                 encoding='utf-8', input='content',\n                                 lowercase=False, max_df=1.0, max_features=None,\n                                 min_df=1, ngram_range=(1, 1), norm='l2',\n                                 preprocessor=None, smooth_idf=True,\n                                 stop_word...\n                 SGDClassifier(alpha=0.0001, average=False, class_weight=None,\n                               early_stopping=False, epsilon=0.1, eta0=0.0,\n                               fit_intercept=True, l1_ratio=0.15,\n                               learning_rate='optimal', loss='hinge',\n                               max_iter=1000, n_iter_no_change=5, n_jobs=None,\n                               penalty='l2', power_t=0.5, random_state=None,\n                               shuffle=True, tol=0.001, validation_fraction=0.1,\n                               verbose=0, warm_start=False))],\n         verbose=False)", "name": "SGDClassifier (TruncatedSVD)", "size": [645, 645, 646, 646, 646], "accuracy": [0.6296296296296297, 0.7222222222222222, 0.6521739130434783, 0.6770186335403726, 0.6273291925465838], "precision": [0.6381237700825331, 0.7469175627240143, 0.6521739130434783, 0.6905243865186845, 0.6612466649037148], "recall": [0.6296296296296297, 0.7222222222222222, 0.6521739130434783, 0.6770186335403726, 0.6273291925465838], "f1_valid": [0.6330346475507765, 0.7300117018426877, 0.6364536178512686, 0.6821401329410484, 0.6175005119104499], "f1_train": [1.0, 1.0, 0.9984514111198838, 0.99845155546156, 0.9984512648390382], "time": [1.1872286796569824, 1.4649717807769775, 1.2653083801269531, 1.4371743202209473, 1.2184677124023438]}
{"model": "Pipeline(memory=None,\n         steps=[('normalize', TextNormalizer_lemmatize(language=None)),\n                ('ngram_vect',\n                 TfidfVectorizer(analyzer='word', binary=False,\n                                 decode_error='strict',\n                                 dtype=<class 'numpy.float64'>,\n                                 encoding='utf-8', input='content',\n                                 lowercase=False, max_df=1.0, max_features=None,\n                                 min_df=1, ngram_range=(1, 1), norm='l2',\n                                 preprocessor=None, smooth_idf=True,\n                                 stop_word...\n                 SGDClassifier(alpha=0.0001, average=False, class_weight=None,\n                               early_stopping=False, epsilon=0.1, eta0=0.0,\n                               fit_intercept=True, l1_ratio=0.15,\n                               learning_rate='optimal', loss='hinge',\n                               max_iter=1000, n_iter_no_change=5, n_jobs=None,\n                               penalty='l2', power_t=0.5, random_state=None,\n                               shuffle=True, tol=0.001, validation_fraction=0.1,\n                               verbose=0, warm_start=False))],\n         verbose=False)", "name": "SGDClassifier", "size": [645, 645, 646, 646, 646], "accuracy": [0.6790123456790124, 0.6419753086419753, 0.5838509316770186, 0.7142857142857143, 0.6086956521739131], "precision": [0.6761428419709002, 0.6463821244653923, 0.5828254066081834, 0.7259475218658892, 0.6066985645933014],