{"model": "Pipeline(memory=None,\n         steps=[('normalize', TextNormalizer_lemmatize(language=None)),\n                ('ngram_vect',\n                 TfidfVectorizer(analyzer='word', binary=False,\n                                 decode_error='strict',\n                                 dtype=<class 'numpy.float64'>,\n                                 encoding='utf-8', input='content',\n                                 lowercase=False, max_df=1.0, max_features=None,\n                                 min_df=1, ngram_range=(1, 1), norm='l2',\n                                 preprocessor=None, smooth_idf=True,\n                                 stop_word...\n                 TruncatedSVD(algorithm='randomized', n_components=600,\n                              n_iter=5, random_state=None, tol=0.0)),\n                ('classifier',\n                 LogisticRegression(C=1.0, class_weight=None, dual=False,\n                                    fit_intercept=True, intercept_scaling=1,\n                                    l1_ratio=None, max_iter=100,\n                                    multi_class='warn', n_jobs=None,\n                                    penalty='l2', random_state=None,\n                                    solver='warn', tol=0.0001, verbose=0,\n                                    warm_start=False))],\n         verbose=False)", "name": "LogisticRegression (TruncatedSVD)", "size": [3173, 3173, 3174, 3174, 3174], "accuracy": [0.7015113350125944, 0.6826196473551638, 0.6771752837326608, 0.7049180327868853, 0.6847414880201765], "precision": [0.6993627546067737, 0.6796899317255233, 0.6725960503372616, 0.7015876095321241, 0.6832531906932916], "recall": [0.7015113350125944, 0.6826196473551638, 0.6771752837326608, 0.7049180327868853, 0.6847414880201765], "f1_valid": [0.6941723235520817, 0.6749335604075098, 0.6693689070085458, 0.6995899314692727, 0.6781014046217407], "f1_train": [0.7566354900810313, 0.7640265785837362, 0.7632012184971514, 0.7518621527525068, 0.7561609535115886], "time": [4.764722585678101, 4.888986825942993, 4.795957565307617, 4.817377805709839, 6.592325210571289]}
{"model": "Pipeline(memory=None,\n         steps=[('normalize', TextNormalizer_lemmatize(language=None)),\n                ('ngram_vect',\n                 TfidfVectorizer(analyzer='word', binary=False,\n                                 decode_error='strict',\n                                 dtype=<class 'numpy.float64'>,\n                                 encoding='utf-8', input='content',\n                                 lowercase=False, max_df=1.0, max_features=None,\n                                 min_df=1, ngram_range=(1, 1), norm='l2',\n                                 preprocessor=None, smooth_idf=True,\n                                 stop_word...\n                                 token_pattern='(?u)\\\\b\\\\w\\\\w+\\\\b',\n                                 tokenizer=<function identity at 0x00000244BB522678>,\n                                 use_idf=True, vocabulary=None)),\n                ('classifier',\n                 LogisticRegression(C=1.0, class_weight=None, dual=False,\n                                    fit_intercept=True, intercept_scaling=1,\n                                    l1_ratio=None, max_iter=100,\n                                    multi_class='warn', n_jobs=None,\n                                    penalty='l2', random_state=None,\n                                    solver='warn', tol=0.0001, verbose=0,\n                                    warm_start=False))],\n         verbose=False)", "name": "LogisticRegression", "size": [3173, 3173, 3174, 3174, 3174], "accuracy": [0.7292191435768262, 0.7216624685138538, 0.6885245901639344, 0.6897856242118537, 0.7276166456494325], "precision": [0.7247773588372808, 0.7209200483237356, 0.6869288716726762, 0.6875451989301081, 0.7276131358131164], "recall": [0.7292191435768262, 0.7216624685138538, 0.6885245901639344, 0.6897856242118537, 0.7276166456494325], "f1_valid": [0.7245398717681403, 0.7158759370631247, 0.6826112459996259, 0.6816139417606896, 0.723567986278092], "f1_train": [0.8295700537963835, 0.8233230457800502, 0.8291973473647105, 0.8293873857701956, 0.8264134850244065], "time": [1.5778076648712158, 1.718381404876709, 1.3434138298034668, 3.4815919399261475, 1.5352249145507812]}
{"model": "Pipeline(memory=None,\n         steps=[('normalize', TextNormalizer_lemmatize(language=None)),\n                ('ngram_vect',\n                 TfidfVectorizer(analyzer='word', binary=False,\n                                 decode_error='strict',\n                                 dtype=<class 'numpy.float64'>,\n                                 encoding='utf-8', input='content',\n                                 lowercase=False, max_df=1.0, max_features=None,\n                                 min_df=1, ngram_range=(1, 1), norm='l2',\n                                 preprocessor=None, smooth_idf=True,\n                                 stop_word...\n                 SGDClassifier(alpha=0.0001, average=False, class_weight=None,\n                               early_stopping=False, epsilon=0.1, eta0=0.0,\n                               fit_intercept=True, l1_ratio=0.15,\n                               learning_rate='optimal', loss='hinge',\n                               max_iter=1000, n_iter_no_change=5, n_jobs=None,\n                               penalty='l2', power_t=0.5, random_state=None,\n                               shuffle=True, tol=0.001, validation_fraction=0.1,\n                               verbose=0, warm_start=False))],\n         verbose=False)", "name": "SGDClassifier (TruncatedSVD)", "size": [3173, 3173, 3174, 3174, 3174], "accuracy": [0.6775818639798489, 0.6599496221662469, 0.6784363177805801, 0.699873896595208, 0.7049180327868853], "precision": [0.6872831732122726, 0.6557212289793243, 0.6767938445840304, 0.6973421533985513, 0.7086221207719444], "recall": [0.6775818639798489, 0.6599496221662469, 0.6784363177805801, 0.699873896595208, 0.7049180327868853], "f1_valid": [0.6799734527419313, 0.6539593442662629, 0.6774317174233114, 0.6961873305013861, 0.6940495580631674], "f1_train": [0.8095316424218484, 0.7996268196954287, 0.7996165511039488, 0.7962375174318338, 0.7892891297353168], "time": [4.764624834060669, 5.24571967124939, 5.0685648918151855, 4.952051639556885, 4.717727184295654]}
{"model": "Pipeline(memory=None,\n         steps=[('normalize', TextNormalizer_lemmatize(language=None)),\n                ('ngram_vect',\n                 TfidfVectorizer(analyzer='word', binary=False,\n                                 decode_error='strict',\n                                 dtype=<class 'numpy.float64'>,\n                                 encoding='utf-8', input='content',\n                                 lowercase=False, max_df=1.0, max_features=None,\n                                 min_df=1, ngram_range=(1, 1), norm='l2',\n                                 preprocessor=None, smooth_idf=True,\n                                 stop_word...\n                 SGDClassifier(alpha=0.0001, average=False, class_weight=None,\n                               early_stopping=False, epsilon=0.1, eta0=0.0,\n                               fit_intercept=True, l1_ratio=0.15,\n                               learning_rate='optimal', loss='hinge',\n                               max_iter=1000, n_iter_no_change=5, n_jobs=None,\n                               penalty='l2', power_t=0.5, random_state=None,\n                               shuffle=True, tol=0.001, validation_fraction=0.1,\n                               verbose=0, warm_start=False))],\n         verbose=False)", "name": "SGDClassifier", "size": [3173, 3173, 3174, 3174, 3174], "accuracy": [0.6624685138539043, 0.6473551637279596, 0.7023959646910467, 0.6607818411097099, 0.6834804539722572], "precision": [0.6660257440633354, 0.6487903774930945, 0.7006732923433475, 0.6594849040448715, 0.6860581118302558],