{"model": "Pipeline(memory=None,\n         steps=[('normalize', TextNormalizer_lemmatize(language=None)),\n                ('ngram_vect',\n                 TfidfVectorizer(analyzer='word', binary=False,\n                                 decode_error='strict',\n                                 dtype=<class 'numpy.float64'>,\n                                 encoding='utf-8', input='content',\n                                 lowercase=False, max_df=1.0, max_features=None,\n                                 min_df=1, ngram_range=(1, 1), norm='l2',\n                                 preprocessor=None, smooth_idf=True,\n                                 stop_word...\n                 TruncatedSVD(algorithm='randomized', n_components=600,\n                              n_iter=5, random_state=None, tol=0.0)),\n                ('classifier',\n                 LogisticRegression(C=1.0, class_weight=None, dual=False,\n                                    fit_intercept=True, intercept_scaling=1,\n                                    l1_ratio=None, max_iter=100,\n                                    multi_class='warn', n_jobs=None,\n                                    penalty='l2', random_state=None,\n                                    solver='warn', tol=0.0001, verbose=0,\n                                    warm_start=False))],\n         verbose=False)", "name": "LogisticRegression (TruncatedSVD)", "size": [3679, 3679, 3679, 3679, 3680], "accuracy": [0.7, 0.6923913043478261, 0.7, 0.6902173913043478, 0.6833514689880305], "precision": [0.6975192061459669, 0.6925489384374197, 0.6952406134320465, 0.6860078530280016, 0.6855404946572244], "recall": [0.7, 0.6923913043478261, 0.7, 0.6902173913043478, 0.6833514689880305], "f1_valid": [0.6974099364257123, 0.6862955084833074, 0.6945233265720081, 0.6862646459698197, 0.6757490533378743], "f1_train": [0.7549221331890938, 0.7422046870785833, 0.7514888803591211, 0.7628228735604995, 0.753184022422088], "time": [5.474557876586914, 5.670523405075073, 5.389408588409424, 5.295609474182129, 5.420625686645508]}
{"model": "Pipeline(memory=None,\n         steps=[('normalize', TextNormalizer_lemmatize(language=None)),\n                ('ngram_vect',\n                 TfidfVectorizer(analyzer='word', binary=False,\n                                 decode_error='strict',\n                                 dtype=<class 'numpy.float64'>,\n                                 encoding='utf-8', input='content',\n                                 lowercase=False, max_df=1.0, max_features=None,\n                                 min_df=1, ngram_range=(1, 1), norm='l2',\n                                 preprocessor=None, smooth_idf=True,\n                                 stop_word...\n                                 token_pattern='(?u)\\\\b\\\\w\\\\w+\\\\b',\n                                 tokenizer=<function identity at 0x00000244BB522678>,\n                                 use_idf=True, vocabulary=None)),\n                ('classifier',\n                 LogisticRegression(C=1.0, class_weight=None, dual=False,\n                                    fit_intercept=True, intercept_scaling=1,\n                                    l1_ratio=None, max_iter=100,\n                                    multi_class='warn', n_jobs=None,\n                                    penalty='l2', random_state=None,\n                                    solver='warn', tol=0.0001, verbose=0,\n                                    warm_start=False))],\n         verbose=False)", "name": "LogisticRegression", "size": [3679, 3679, 3679, 3679, 3680], "accuracy": [0.6967391304347826, 0.7054347826086956, 0.6967391304347826, 0.7032608695652174, 0.6931447225244831], "precision": [0.6936527203551738, 0.7042563745890144, 0.6946054774295419, 0.7020445280072194, 0.6892377879042977], "recall": [0.6967391304347826, 0.7054347826086956, 0.6967391304347826, 0.7032608695652174, 0.6931447225244831], "f1_valid": [0.6911167665768765, 0.6987972984123881, 0.6948699925589118, 0.6992505126493479, 0.6881348215966371], "f1_train": [0.8236584972558366, 0.8199217786901528, 0.8253796397748062, 0.8177966469173463, 0.8228501522781211], "time": [1.624647855758667, 1.7808318138122559, 1.7339656352996826, 1.6246051788330078, 1.5777645111083984]}
{"model": "Pipeline(memory=None,\n         steps=[('normalize', TextNormalizer_lemmatize(language=None)),\n                ('ngram_vect',\n                 TfidfVectorizer(analyzer='word', binary=False,\n                                 decode_error='strict',\n                                 dtype=<class 'numpy.float64'>,\n                                 encoding='utf-8', input='content',\n                                 lowercase=False, max_df=1.0, max_features=None,\n                                 min_df=1, ngram_range=(1, 1), norm='l2',\n                                 preprocessor=None, smooth_idf=True,\n                                 stop_word...\n                 SGDClassifier(alpha=0.0001, average=False, class_weight=None,\n                               early_stopping=False, epsilon=0.1, eta0=0.0,\n                               fit_intercept=True, l1_ratio=0.15,\n                               learning_rate='optimal', loss='hinge',\n                               max_iter=1000, n_iter_no_change=5, n_jobs=None,\n                               penalty='l2', power_t=0.5, random_state=None,\n                               shuffle=True, tol=0.001, validation_fraction=0.1,\n                               verbose=0, warm_start=False))],\n         verbose=False)", "name": "SGDClassifier (TruncatedSVD)", "size": [3679, 3679, 3679, 3679, 3680], "accuracy": [0.7032608695652174, 0.675, 0.7195652173913043, 0.6902173913043478, 0.6724700761697497], "precision": [0.7007613490944771, 0.6827632182346248, 0.7180067001675041, 0.7036652641421225, 0.6685867936350659], "recall": [0.7032608695652174, 0.675, 0.7195652173913043, 0.6902173913043478, 0.6724700761697497], "f1_valid": [0.7013006941907198, 0.6615205444691464, 0.714679015478305, 0.6921156542778223, 0.6688865844552532], "f1_train": [0.7888975672854556, 0.7713053228130416, 0.772039927695823, 0.7849682224710864, 0.7887676704586187], "time": [5.467468738555908, 5.358259916305542, 5.452024221420288, 5.620060920715332, 5.655076503753662]}
{"model": "Pipeline(memory=None,\n         steps=[('normalize', TextNormalizer_lemmatize(language=None)),\n                ('ngram_vect',\n                 TfidfVectorizer(analyzer='word', binary=False,\n                                 decode_error='strict',\n                                 dtype=<class 'numpy.float64'>,\n                                 encoding='utf-8', input='content',\n                                 lowercase=False, max_df=1.0, max_features=None,\n                                 min_df=1, ngram_range=(1, 1), norm='l2',\n                                 preprocessor=None, smooth_idf=True,\n                                 stop_word...\n                 SGDClassifier(alpha=0.0001, average=False, class_weight=None,\n                               early_stopping=False, epsilon=0.1, eta0=0.0,\n                               fit_intercept=True, l1_ratio=0.15,\n                               learning_rate='optimal', loss='hinge',\n                               max_iter=1000, n_iter_no_change=5, n_jobs=None,\n                               penalty='l2', power_t=0.5, random_state=None,\n                               shuffle=True, tol=0.001, validation_fraction=0.1,\n                               verbose=0, warm_start=False))],\n         verbose=False)", "name": "SGDClassifier", "size": [3679, 3679, 3679, 3679, 3680], "accuracy": [0.658695652173913, 0.6826086956521739, 0.6554347826086957, 0.6880434782608695, 0.7105549510337323], "precision": [0.6574556640873835, 0.6826086956521739, 0.6555591493925361, 0.6913848244147158, 0.7103754836906154], "recall": [0.658695652173913, 0.6826086956521739, 0.6554347826086957, 0.6880434782608695, 0.7105549510337323],