{"model": "Pipeline(memory=None,\n         steps=[('normalize', TextNormalizer_lemmatize(language=None)),\n                ('vectorize',\n                 TfidfVectorizer(analyzer='word', binary=False,\n                                 decode_error='strict',\n                                 dtype=<class 'numpy.float64'>,\n                                 encoding='utf-8', input='content',\n                                 lowercase=False, max_df=1.0, max_features=None,\n                                 min_df=1, ngram_range=(1, 1), norm='l2',\n                                 preprocessor=None, smooth_idf=True,\n                                 stop_words...\n                 TruncatedSVD(algorithm='randomized', n_components=600,\n                              n_iter=5, random_state=None, tol=0.0)),\n                ('classifier',\n                 LogisticRegression(C=1.0, class_weight=None, dual=False,\n                                    fit_intercept=True, intercept_scaling=1,\n                                    l1_ratio=None, max_iter=100,\n                                    multi_class='warn', n_jobs=None,\n                                    penalty='l2', random_state=None,\n                                    solver='warn', tol=0.0001, verbose=0,\n                                    warm_start=False))],\n         verbose=False)", "name": "LogisticRegression (TruncatedSVD)", "accuracy": [0.7195121951219512, 0.7146341463414634, 0.7097560975609756, 0.7292682926829268, 0.6780487804878049, 0.7, 0.697560975609756, 0.706601466992665, 0.6894865525672371, 0.706601466992665, 0.7114914425427873, 0.628361858190709], "precision": [0.7176847560975609, 0.7118089518164396, 0.705005523922835, 0.7234312266982638, 0.6718668667395746, 0.6968858856499306, 0.7044318568168292, 0.70419382370314, 0.693221211220888, 0.7054021242000136, 0.7108109909954302, 0.6255138407705645], "recall": [0.7195121951219512, 0.7146341463414634, 0.7097560975609756, 0.7292682926829268, 0.6780487804878049, 0.7, 0.697560975609756, 0.706601466992665, 0.6894865525672371, 0.706601466992665, 0.7114914425427873, 0.628361858190709], "f1": [0.7182463979475469, 0.7083391109575586, 0.7004762875961275, 0.7243339620803042, 0.6721463414634148, 0.6948043375766149, 0.6868483978957437, 0.7024460655096043, 0.6833801047459025, 0.7008921898786733, 0.7097525503751791, 0.6224995501933958], "time": [6.020214080810547, 4.892606258392334, 5.158732652664185, 4.97565221786499, 5.039978742599487, 4.935482025146484, 5.3357439041137695, 5.104865074157715, 6.03628396987915, 5.933151721954346, 5.628423452377319, 5.449729919433594]}
{"model": "Pipeline(memory=None,\n         steps=[('normalize', TextNormalizer_lemmatize(language=None)),\n                ('vectorize',\n                 TfidfVectorizer(analyzer='word', binary=False,\n                                 decode_error='strict',\n                                 dtype=<class 'numpy.float64'>,\n                                 encoding='utf-8', input='content',\n                                 lowercase=False, max_df=1.0, max_features=None,\n                                 min_df=1, ngram_range=(1, 1), norm='l2',\n                                 preprocessor=None, smooth_idf=True,\n                                 stop_words...\n                                 token_pattern='(?u)\\\\b\\\\w\\\\w+\\\\b',\n                                 tokenizer=<function identity at 0x00000256B9EF3E58>,\n                                 use_idf=True, vocabulary=None)),\n                ('classifier',\n                 LogisticRegression(C=1.0, class_weight=None, dual=False,\n                                    fit_intercept=True, intercept_scaling=1,\n                                    l1_ratio=None, max_iter=100,\n                                    multi_class='warn', n_jobs=None,\n                                    penalty='l2', random_state=None,\n                                    solver='warn', tol=0.0001, verbose=0,\n                                    warm_start=False))],\n         verbose=False)", "name": "LogisticRegression", "accuracy": [0.6731707317073171, 0.7268292682926829, 0.7024390243902439, 0.6902439024390243, 0.7219512195121951, 0.6804878048780488, 0.7414634146341463, 0.6943765281173594, 0.6992665036674817, 0.726161369193154, 0.7041564792176039, 0.7041564792176039], "precision": [0.6731707317073171, 0.7240872582523724, 0.7016140602582497, 0.6882666782747597, 0.7208084015740699, 0.6850304167377338, 0.7394248270840917, 0.6935553850211283, 0.7009945306494427, 0.7247093403315253, 0.7008243333040656, 0.6998238539224255], "recall": [0.6731707317073171, 0.7268292682926829, 0.7024390243902439, 0.6902439024390243, 0.7219512195121951, 0.6804878048780488, 0.7414634146341463, 0.6943765281173594, 0.6992665036674817, 0.726161369193154, 0.7041564792176039, 0.7041564792176039], "f1": [0.6731707317073171, 0.7194525774698269, 0.7019592749181353, 0.6851703526825477, 0.7192478062913163, 0.6733575865643776, 0.7356297686053783, 0.6865884860438518, 0.6941776107843295, 0.7213451292166607, 0.6993051433376306, 0.7007400927620949], "time": [1.0457372665405273, 0.9381935596466064, 0.9420797824859619, 1.0165462493896484, 0.985907793045044, 0.9126811027526855, 1.0768396854400635, 1.0508859157562256, 0.9817643165588379, 0.9137194156646729, 0.9835202693939209, 0.9279844760894775]}
{"model": "Pipeline(memory=None,\n         steps=[('normalize', TextNormalizer_lemmatize(language=None)),\n                ('vectorize',\n                 TfidfVectorizer(analyzer='word', binary=False,\n                                 decode_error='strict',\n                                 dtype=<class 'numpy.float64'>,\n                                 encoding='utf-8', input='content',\n                                 lowercase=False, max_df=1.0, max_features=None,\n                                 min_df=1, ngram_range=(1, 1), norm='l2',\n                                 preprocessor=None, smooth_idf=True,\n                                 stop_words...\n                 SGDClassifier(alpha=0.0001, average=False, class_weight=None,\n                               early_stopping=False, epsilon=0.1, eta0=0.0,\n                               fit_intercept=True, l1_ratio=0.15,\n                               learning_rate='optimal', loss='hinge',\n                               max_iter=1000, n_iter_no_change=5, n_jobs=None,\n                               penalty='l2', power_t=0.5, random_state=None,\n                               shuffle=True, tol=0.001, validation_fraction=0.1,\n                               verbose=0, warm_start=False))],\n         verbose=False)", "name": "SGDClassifier (TruncatedSVD)", "accuracy": [0.7195121951219512, 0.6878048780487804, 0.7414634146341463, 0.6365853658536585, 0.724390243902439, 0.6878048780487804, 0.6682926829268293, 0.6797066014669927, 0.6699266503667481, 0.7212713936430318, 0.7041564792176039, 0.687041564792176], "precision": [0.7171963727329581, 0.6856129957884018, 0.7403828342080889, 0.6381000246366101, 0.727482864324807, 0.6853869382112598, 0.6594657375145181, 0.6772899654586079, 0.6684488361790557, 0.7260687245264283, 0.7022700151225753, 0.6935319685751251], "recall": [0.7195121951219512, 0.6878048780487804, 0.7414634146341463, 0.6365853658536585, 0.724390243902439, 0.6878048780487804, 0.6682926829268293, 0.6797066014669927, 0.6699266503667481, 0.7212713936430318, 0.7041564792176039, 0.687041564792176], "f1": [0.716015947683382, 0.684296808370612, 0.7391105383899176, 0.62614685317979, 0.7182661930960527, 0.6852477899041092, 0.6578592779831519, 0.677572589915788, 0.6689906743806776, 0.7228269514378067, 0.702868104424095, 0.6894885164128396],