{"model": "Pipeline(memory=None,\n         steps=[('normalize', TextNormalizer_lemmatize(language=None)),\n                ('ngram_vect',\n                 TfidfVectorizer(analyzer='word', binary=False,\n                                 decode_error='strict',\n                                 dtype=<class 'numpy.float64'>,\n                                 encoding='utf-8', input='content',\n                                 lowercase=False, max_df=1.0, max_features=None,\n                                 min_df=1, ngram_range=(1, 1), norm='l2',\n                                 preprocessor=None, smooth_idf=True,\n                                 stop_word...\n                 TruncatedSVD(algorithm='randomized', n_components=600,\n                              n_iter=5, random_state=None, tol=0.0)),\n                ('classifier',\n                 LogisticRegression(C=1.0, class_weight=None, dual=False,\n                                    fit_intercept=True, intercept_scaling=1,\n                                    l1_ratio=None, max_iter=100,\n                                    multi_class='warn', n_jobs=None,\n                                    penalty='l2', random_state=None,\n                                    solver='warn', tol=0.0001, verbose=0,\n                                    warm_start=False))],\n         verbose=False)", "name": "LogisticRegression (TruncatedSVD)", "accuracy": [0.724390243902439, 0.7, 0.6780487804878049, 0.7219512195121951, 0.6780487804878049, 0.6682926829268293, 0.6780487804878049, 0.7090464547677262, 0.6943765281173594, 0.7237163814180929, 0.7041564792176039, 0.6723716381418093], "precision": [0.7224561856452936, 0.7035950072209615, 0.6730730579325974, 0.7273075083692013, 0.6754120457052767, 0.6663235970452356, 0.679099387904842, 0.7055753164850206, 0.691234336797066, 0.7200243391269056, 0.6988183696372201, 0.670585523002906], "recall": [0.724390243902439, 0.7, 0.6780487804878049, 0.7219512195121951, 0.6780487804878049, 0.6682926829268293, 0.6780487804878049, 0.7090464547677262, 0.6943765281173594, 0.7237163814180929, 0.7041564792176039, 0.6723716381418093], "f1": [0.7201531183370701, 0.6944836610944211, 0.6727542000277688, 0.7149322026783089, 0.6718914634146341, 0.6625619670830856, 0.6737771416640046, 0.7063339366991972, 0.6915818849932864, 0.7213309026697322, 0.6999176420987715, 0.6624636572742381], "time": [6.21133279800415, 4.921634197235107, 4.2916419506073, 4.146260023117065, 4.25241494178772, 4.3086888790130615, 4.759037256240845, 4.30492901802063, 4.524741172790527, 4.352542161941528, 4.340605735778809, 4.274745225906372]}
{"model": "Pipeline(memory=None,\n         steps=[('normalize', TextNormalizer_lemmatize(language=None)),\n                ('ngram_vect',\n                 TfidfVectorizer(analyzer='word', binary=False,\n                                 decode_error='strict',\n                                 dtype=<class 'numpy.float64'>,\n                                 encoding='utf-8', input='content',\n                                 lowercase=False, max_df=1.0, max_features=None,\n                                 min_df=1, ngram_range=(1, 1), norm='l2',\n                                 preprocessor=None, smooth_idf=True,\n                                 stop_word...\n                                 token_pattern='(?u)\\\\b\\\\w\\\\w+\\\\b',\n                                 tokenizer=<function identity at 0x105bbe560>,\n                                 use_idf=True, vocabulary=None)),\n                ('classifier',\n                 LogisticRegression(C=1.0, class_weight=None, dual=False,\n                                    fit_intercept=True, intercept_scaling=1,\n                                    l1_ratio=None, max_iter=100,\n                                    multi_class='warn', n_jobs=None,\n                                    penalty='l2', random_state=None,\n                                    solver='warn', tol=0.0001, verbose=0,\n                                    warm_start=False))],\n         verbose=False)", "name": "LogisticRegression", "accuracy": [0.724390243902439, 0.6878048780487804, 0.6731707317073171, 0.7073170731707317, 0.7048780487804878, 0.7121951219512195, 0.6878048780487804, 0.6919315403422983, 0.7114914425427873, 0.7359413202933985, 0.7408312958435208, 0.7090464547677262], "precision": [0.7214438530527835, 0.6855873182387737, 0.6706564751883706, 0.7041682812142664, 0.7035974146817319, 0.7086211710601954, 0.6880702032784805, 0.6947374954513977, 0.7065889145125106, 0.7331578257137923, 0.7430618585976111, 0.7056060592686862], "recall": [0.724390243902439, 0.6878048780487804, 0.6731707317073171, 0.7073170731707317, 0.7048780487804878, 0.7121951219512195, 0.6878048780487804, 0.6919315403422983, 0.7114914425427873, 0.7359413202933985, 0.7408312958435208, 0.7090464547677262], "f1": [0.7196303163229227, 0.6861001526189997, 0.6715100138806266, 0.6985352983816172, 0.6988534898174238, 0.7058369073552404, 0.6817767202062264, 0.6890018257332293, 0.7076148475777327, 0.7314277560046023, 0.7378319519443847, 0.7018279734514293], "time": [1.2181146144866943, 1.2005479335784912, 1.1984350681304932, 1.1825690269470215, 1.1724967956542969, 1.2725441455841064, 1.2744388580322266, 1.2086730003356934, 1.3112149238586426, 1.1892409324645996, 1.3296022415161133, 1.2791359424591064]}
{"model": "Pipeline(memory=None,\n         steps=[('normalize', TextNormalizer_lemmatize(language=None)),\n                ('ngram_vect',\n                 TfidfVectorizer(analyzer='word', binary=False,\n                                 decode_error='strict',\n                                 dtype=<class 'numpy.float64'>,\n                                 encoding='utf-8', input='content',\n                                 lowercase=False, max_df=1.0, max_features=None,\n                                 min_df=1, ngram_range=(1, 1), norm='l2',\n                                 preprocessor=None, smooth_idf=True,\n                                 stop_word...\n                 SGDClassifier(alpha=0.0001, average=False, class_weight=None,\n                               early_stopping=False, epsilon=0.1, eta0=0.0,\n                               fit_intercept=True, l1_ratio=0.15,\n                               learning_rate='optimal', loss='hinge',\n                               max_iter=1000, n_iter_no_change=5, n_jobs=None,\n                               penalty='l2', power_t=0.5, random_state=None,\n                               shuffle=True, tol=0.001, validation_fraction=0.1,\n                               verbose=0, warm_start=False))],\n         verbose=False)", "name": "SGDClassifier (TruncatedSVD)", "accuracy": [0.7341463414634146, 0.7390243902439024, 0.6829268292682927, 0.6829268292682927, 0.6731707317073171, 0.697560975609756, 0.697560975609756, 0.6919315403422983, 0.706601466992665, 0.687041564792176, 0.6943765281173594, 0.6821515892420538], "precision": [0.7364363143631436, 0.7379335298847495, 0.6814740129476268, 0.6834868944741822, 0.6810115474084495, 0.6964110424386211, 0.6969558007122544, 0.68857281529063, 0.7163089344669724, 0.6821735556089232, 0.6931841803801655, 0.681644507457936], "recall": [0.7341463414634146, 0.7390243902439024, 0.6829268292682927, 0.6829268292682927, 0.6731707317073171, 0.697560975609756, 0.697560975609756, 0.6919315403422983, 0.706601466992665, 0.687041564792176, 0.6943765281173594, 0.6821515892420538], "f1": [0.7282426965016371, 0.7319997845670559, 0.6793908417025347, 0.6831906108094333, 0.6743881182514221, 0.6945416915080844, 0.6902514551189669, 0.6878023094824285, 0.7094262235789413, 0.6653702373974308, 0.6884762022155403, 0.6818816958093404],