{"model": "Pipeline(memory=None,\n         steps=[('normalize', TextNormalizer(language=None, lemma=None)),\n                ('vectorize',\n                 TfidfVectorizer(analyzer='word', binary=False,\n                                 decode_error='strict',\n                                 dtype=<class 'numpy.float64'>,\n                                 encoding='utf-8', input='content',\n                                 lowercase=False, max_df=0.85,\n                                 max_features=13000, min_df=2,\n                                 ngram_range=(1, 2), norm='l2',\n                                 preprocessor=None, smooth_idf=True,\n                                 stop_wo...\n                 TruncatedSVD(algorithm='randomized', n_components=600,\n                              n_iter=5, random_state=None, tol=0.0)),\n                ('classifier',\n                 LogisticRegression(C=1.0, class_weight=None, dual=False,\n                                    fit_intercept=True, intercept_scaling=1,\n                                    l1_ratio=None, max_iter=100,\n                                    multi_class='warn', n_jobs=None,\n                                    penalty='l2', random_state=None,\n                                    solver='warn', tol=0.0001, verbose=0,\n                                    warm_start=False))],\n         verbose=False)", "name": "LogisticRegression (TruncatedSVD)", "size": [[4583, 917], [4583, 917], [4583, 917], [4583, 917], [4584, 916], [4584, 916]], "accuracy": [0.7121046892039259, 0.7022900763358778, 0.7110141766630316, 0.7164667393675027, 0.7139737991266376, 0.6768558951965066], "precision": [0.7000935585615363, 0.710332940915837, 0.7191744670283027, 0.7032290146908988, 0.7064354781213795, 0.6770813556104044], "recall": [0.7121046892039259, 0.7022900763358778, 0.7110141766630316, 0.7164667393675027, 0.7139737991266376, 0.6768558951965066], "f1_valid": [0.6898930398477973, 0.6699345318181297, 0.6844519362225056, 0.698076983738085, 0.6922144298837137, 0.6455085826562296], "f1_train": [0.7260762761973772, 0.728199451927615, 0.7199129557739711, 0.7333950767755516, 0.7242840951522767, 0.7296430558059867], "time": [8.00273609161377, 7.928454160690308, 7.917200326919556, 9.141407012939453, 7.684830188751221, 9.050893783569336]}
{"model": "Pipeline(memory=None,\n         steps=[('normalize', TextNormalizer(language=None, lemma=None)),\n                ('vectorize',\n                 TfidfVectorizer(analyzer='word', binary=False,\n                                 decode_error='strict',\n                                 dtype=<class 'numpy.float64'>,\n                                 encoding='utf-8', input='content',\n                                 lowercase=False, max_df=0.85,\n                                 max_features=13000, min_df=2,\n                                 ngram_range=(1, 2), norm='l2',\n                                 preprocessor=None, smooth_idf=True,\n                                 stop_wo...\n                                 token_pattern='(?u)\\\\b\\\\w\\\\w+\\\\b',\n                                 tokenizer=<function identity at 0x107d21050>,\n                                 use_idf=True, vocabulary=None)),\n                ('classifier',\n                 LogisticRegression(C=1.0, class_weight=None, dual=False,\n                                    fit_intercept=True, intercept_scaling=1,\n                                    l1_ratio=None, max_iter=100,\n                                    multi_class='warn', n_jobs=None,\n                                    penalty='l2', random_state=None,\n                                    solver='warn', tol=0.0001, verbose=0,\n                                    warm_start=False))],\n         verbose=False)", "name": "LogisticRegression", "size": [[4583, 917], [4583, 917], [4583, 917], [4583, 917], [4584, 916], [4584, 916]], "accuracy": [0.7121046892039259, 0.6990185387131952, 0.7262813522355507, 0.7001090512540894, 0.6986899563318777, 0.7063318777292577], "precision": [0.7034641763862519, 0.6934026341518444, 0.7162140705939025, 0.6938395366254182, 0.7016018212880932, 0.7056453224142922], "recall": [0.7121046892039259, 0.6990185387131952, 0.7262813522355507, 0.7001090512540894, 0.6986899563318777, 0.7063318777292577], "f1_valid": [0.6905077705913414, 0.6741101766404107, 0.7103658479577579, 0.6777179223032344, 0.6681350681038026, 0.6817087870398585], "f1_train": [0.8123952808696885, 0.8101171123558634, 0.8200852410692173, 0.8161298143988385, 0.811363724299304, 0.8173379680138589], "time": [3.6448330879211426, 3.572967290878296, 3.2861011028289795, 2.971107006072998, 3.0824999809265137, 3.4300880432128906]}
{"model": "Pipeline(memory=None,\n         steps=[('normalize', TextNormalizer(language=None, lemma=None)),\n                ('vectorize',\n                 TfidfVectorizer(analyzer='word', binary=False,\n                                 decode_error='strict',\n                                 dtype=<class 'numpy.float64'>,\n                                 encoding='utf-8', input='content',\n                                 lowercase=False, max_df=0.85,\n                                 max_features=13000, min_df=2,\n                                 ngram_range=(1, 2), norm='l2',\n                                 preprocessor=None, smooth_idf=True,\n                                 stop_wo...\n                 SGDClassifier(alpha=0.0001, average=False, class_weight=None,\n                               early_stopping=False, epsilon=0.1, eta0=0.0,\n                               fit_intercept=True, l1_ratio=0.15,\n                               learning_rate='optimal', loss='hinge',\n                               max_iter=1000, n_iter_no_change=5, n_jobs=None,\n                               penalty='l2', power_t=0.5, random_state=None,\n                               shuffle=True, tol=0.001, validation_fraction=0.1,\n                               verbose=0, warm_start=False))],\n         verbose=False)", "name": "SGDClassifier (TruncatedSVD)", "size": [[4583, 917], [4583, 917], [4583, 917], [4583, 917], [4584, 916], [4584, 916]], "accuracy": [0.6946564885496184, 0.7044711014176663, 0.6870229007633588, 0.7055616139585605, 0.6844978165938864, 0.7041484716157205], "precision": [0.6837974095915116, 0.7240800858937176, 0.6911836580829673, 0.7056290906028696, 0.6735522742694495, 0.6943818169957985], "recall": [0.6946564885496184, 0.7044711014176663, 0.6870229007633588, 0.7055616139585605, 0.6844978165938864, 0.7041484716157205], "f1_valid": [0.6856721488738607, 0.661055755785524, 0.6888102184202625, 0.6832928935392233, 0.6632856702833917, 0.6906091530112214], "f1_train": [0.7734608864256949, 0.7016793634855166, 0.7740815985385491, 0.7537029018367399, 0.7613969115313245, 0.7703037493454311],