{"model": "Pipeline(memory=None,\n         steps=[('normalize', TextNormalizer_lemmatize(language=None)),\n                ('vectorize',\n                 TfidfVectorizer(analyzer='word', binary=False,\n                                 decode_error='strict',\n                                 dtype=<class 'numpy.float64'>,\n                                 encoding='utf-8', input='content',\n                                 lowercase=False, max_df=1.0, max_features=None,\n                                 min_df=1, ngram_range=(2, 2), norm='l2',\n                                 preprocessor=None, smooth_idf=True,\n                                 stop_words...\n                 TruncatedSVD(algorithm='randomized', n_components=600,\n                              n_iter=5, random_state=None, tol=0.0)),\n                ('classifier',\n                 LogisticRegression(C=1.0, class_weight=None, dual=False,\n                                    fit_intercept=True, intercept_scaling=1,\n                                    l1_ratio=None, max_iter=100,\n                                    multi_class='warn', n_jobs=None,\n                                    penalty='l2', random_state=None,\n                                    solver='warn', tol=0.0001, verbose=0,\n                                    warm_start=False))],\n         verbose=False)", "name": "LogisticRegression (TruncatedSVD)", "accuracy": [0.6609756097560976, 0.6609756097560976, 0.6707317073170732, 0.6097560975609756, 0.6707317073170732, 0.651219512195122, 0.6902439024390243, 0.6650366748166259, 0.6674816625916871, 0.6821515892420538, 0.6943765281173594, 0.6992665036674817], "precision": [0.6588997378899139, 0.6586862234961175, 0.6671078093211421, 0.6454371701611753, 0.6672552698377664, 0.6441344165160522, 0.7149382331081794, 0.6663183120949416, 0.6762645572079488, 0.6927150663729806, 0.692348791204885, 0.7047064698902766], "recall": [0.6609756097560976, 0.6609756097560976, 0.6707317073170732, 0.6097560975609756, 0.6707317073170732, 0.651219512195122, 0.6902439024390243, 0.6650366748166259, 0.6674816625916871, 0.6821515892420538, 0.6943765281173594, 0.6992665036674817], "f1": [0.6345511249384993, 0.6401366354101896, 0.6547464587937266, 0.579352579166394, 0.6513512676110368, 0.629652957497467, 0.6691668766171183, 0.6383147540820823, 0.6382896457610734, 0.6648600710758202, 0.6716432631289909, 0.6845807901711096], "time": [22.141072988510132, 20.00481653213501, 20.902353763580322, 20.851475477218628, 20.561689376831055, 21.25288414955139, 21.701143741607666, 21.66695237159729, 20.792309284210205, 21.429757356643677, 21.84921360015869, 21.96626305580139]}
{"model": "Pipeline(memory=None,\n         steps=[('normalize', TextNormalizer_lemmatize(language=None)),\n                ('vectorize',\n                 TfidfVectorizer(analyzer='word', binary=False,\n                                 decode_error='strict',\n                                 dtype=<class 'numpy.float64'>,\n                                 encoding='utf-8', input='content',\n                                 lowercase=False, max_df=1.0, max_features=None,\n                                 min_df=1, ngram_range=(2, 2), norm='l2',\n                                 preprocessor=None, smooth_idf=True,\n                                 stop_words...\n                                 token_pattern='(?u)\\\\b\\\\w\\\\w+\\\\b',\n                                 tokenizer=<function identity at 0x0000022CCE3AAC18>,\n                                 use_idf=True, vocabulary=None)),\n                ('classifier',\n                 LogisticRegression(C=1.0, class_weight=None, dual=False,\n                                    fit_intercept=True, intercept_scaling=1,\n                                    l1_ratio=None, max_iter=100,\n                                    multi_class='warn', n_jobs=None,\n                                    penalty='l2', random_state=None,\n                                    solver='warn', tol=0.0001, verbose=0,\n                                    warm_start=False))],\n         verbose=False)", "name": "LogisticRegression", "accuracy": [0.6926829268292682, 0.675609756097561, 0.6780487804878049, 0.7341463414634146, 0.6902439024390243, 0.6926829268292682, 0.7024390243902439, 0.6577017114914425, 0.684596577017115, 0.6552567237163814, 0.6430317848410758, 0.6968215158924206], "precision": [0.6930957545006144, 0.6829086606768454, 0.6904936913420476, 0.7324533434193391, 0.6813296616837136, 0.7073891286831738, 0.7113589444895028, 0.6670900411731708, 0.6864396708619517, 0.6558548024787096, 0.6519554723829509, 0.6970524422537633], "recall": [0.6926829268292682, 0.675609756097561, 0.6780487804878049, 0.7341463414634146, 0.6902439024390243, 0.6926829268292682, 0.7024390243902439, 0.6577017114914425, 0.684596577017115, 0.6552567237163814, 0.6430317848410758, 0.6968215158924206], "f1": [0.6797264230287067, 0.659141401369263, 0.6606608664053584, 0.7244097774830474, 0.6719154573117829, 0.672221772577438, 0.6861832626629819, 0.6396776170825575, 0.6645636404336719, 0.6397183062209911, 0.6179653364877095, 0.6759087475326744], "time": [1.4431982040405273, 1.3274564743041992, 1.3882920742034912, 1.415255069732666, 1.1958050727844238, 1.53291654586792, 1.7980728149414062, 1.2177462577819824, 1.3361010551452637, 1.260669469833374, 1.336435079574585, 1.3005609512329102]}
{"model": "Pipeline(memory=None,\n         steps=[('normalize', TextNormalizer_lemmatize(language=None)),\n                ('vectorize',\n                 TfidfVectorizer(analyzer='word', binary=False,\n                                 decode_error='strict',\n                                 dtype=<class 'numpy.float64'>,\n                                 encoding='utf-8', input='content',\n                                 lowercase=False, max_df=1.0, max_features=None,\n                                 min_df=1, ngram_range=(2, 2), norm='l2',\n                                 preprocessor=None, smooth_idf=True,\n                                 stop_words...\n                 SGDClassifier(alpha=0.0001, average=False, class_weight=None,\n                               early_stopping=False, epsilon=0.1, eta0=0.0,\n                               fit_intercept=True, l1_ratio=0.15,\n                               learning_rate='optimal', loss='hinge',\n                               max_iter=1000, n_iter_no_change=5, n_jobs=None,\n                               penalty='l2', power_t=0.5, random_state=None,\n                               shuffle=True, tol=0.001, validation_fraction=0.1,\n                               verbose=0, warm_start=False))],\n         verbose=False)", "name": "SGDClassifier (TruncatedSVD)", "accuracy": [0.6658536585365854, 0.697560975609756, 0.6463414634146342, 0.6829268292682927, 0.7121951219512195, 0.6536585365853659, 0.6926829268292682, 0.6723716381418093, 0.6992665036674817, 0.6919315403422983, 0.6430317848410758, 0.6723716381418093], "precision": [0.6643766209167469, 0.6947342334780279, 0.6456769219363926, 0.6801415482748268, 0.7112234780884394, 0.6857772666283305, 0.6935729182293988, 0.6717301523017366, 0.6953402459265076, 0.6907501794779427, 0.6557998433308805, 0.6707320547191544], "recall": [0.6658536585365854, 0.697560975609756, 0.6463414634146342, 0.6829268292682927, 0.7121951219512195, 0.6536585365853659, 0.6926829268292682, 0.6723716381418093, 0.6992665036674817, 0.6919315403422983, 0.6430317848410758, 0.6723716381418093], "f1": [0.6650159087158444, 0.6837834565396013, 0.645974613290849, 0.6809422178819785, 0.7116408858143489, 0.656536376877343, 0.6799816997235975, 0.6704243079949084, 0.6925250779878945, 0.6863690006786134, 0.6183168625223497, 0.6578275489125699],