{"model": "Pipeline(memory=None,\n         steps=[('normalize', TextNormalizer_lemmatize(language=None)),\n                ('ngram_vect',\n                 TfidfVectorizer(analyzer='word', binary=False,\n                                 decode_error='strict',\n                                 dtype=<class 'numpy.float64'>,\n                                 encoding='utf-8', input='content',\n                                 lowercase=False, max_df=1.0, max_features=None,\n                                 min_df=1, ngram_range=(1, 2), norm='l2',\n                                 preprocessor=None, smooth_idf=True,\n                                 stop_word...\n                                 tokenizer=<function identity at 0x0000021DBE0C25E8>,\n                                 use_idf=True, vocabulary=None)),\n                ('classifier',\n                 LogisticRegression(C=1.0, class_weight=None, dual=False,\n                                    fit_intercept=True, intercept_scaling=1,\n                                    l1_ratio=None, max_iter=100,\n                                    multi_class='multinomial', n_jobs=None,\n                                    penalty='l2', random_state=None,\n                                    solver='newton-cg', tol=0.0001, verbose=0,\n                                    warm_start=False))],\n         verbose=False)", "name": "LogisticRegression", "accuracy": [0.5294117647058824, 0.5529411764705883, 0.5882352941176471, 0.5294117647058824, 0.6058823529411764, 0.6058823529411764, 0.5411764705882353, 0.6058823529411764, 0.5941176470588235, 0.6411764705882353, 0.5325443786982249, 0.6035502958579881], "precision": [0.4718803059606871, 0.5297518372642398, 0.5281652350518922, 0.5466807091642263, 0.5360127761511845, 0.5218004792048353, 0.5494844181435938, 0.5498943559830969, 0.5221392260607947, 0.5560790253389873, 0.47893782077916064, 0.5032403493941956], "recall": [0.5294117647058824, 0.5529411764705883, 0.5882352941176471, 0.5294117647058824, 0.6058823529411764, 0.6058823529411764, 0.5411764705882353, 0.6058823529411764, 0.5941176470588235, 0.6411764705882353, 0.5325443786982249, 0.6035502958579881], "f1": [0.46724028311727217, 0.49695538351230634, 0.5374425657223537, 0.4795431020344515, 0.5366986144523298, 0.546878499829657, 0.47295228357178803, 0.5421093264745483, 0.5408138355064891, 0.5793952710519741, 0.4585647027418879, 0.5277379560069133], "time": [1.6004161834716797, 1.4323389530181885, 1.6315817832946777, 1.7183527946472168, 1.733457088470459, 1.4376461505889893, 1.6333425045013428, 1.7677509784698486, 1.4662439823150635, 1.5168519020080566, 1.383962869644165, 1.7297062873840332]}
