{"model": "Pipeline(memory=None,\n         steps=[('normalize', TextNormalizer_lemmatize(language=None)),\n                ('ngram_vect',\n                 TfidfVectorizer(analyzer='word', binary=False,\n                                 decode_error='strict',\n                                 dtype=<class 'numpy.float64'>,\n                                 encoding='utf-8', input='content',\n                                 lowercase=False, max_df=1.0, max_features=None,\n                                 min_df=1, ngram_range=(1, 2), norm='l2',\n                                 preprocessor=None, smooth_idf=True,\n                                 stop_word...\n                 TruncatedSVD(algorithm='randomized', n_components=600,\n                              n_iter=5, random_state=None, tol=0.0)),\n                ('classifier',\n                 LogisticRegression(C=1.0, class_weight=None, dual=False,\n                                    fit_intercept=True, intercept_scaling=1,\n                                    l1_ratio=None, max_iter=100,\n                                    multi_class='warn', n_jobs=None,\n                                    penalty='l2', random_state=None,\n                                    solver='warn', tol=0.0001, verbose=0,\n                                    warm_start=False))],\n         verbose=False)", "name": "LogisticRegression (TruncatedSVD)", "accuracy": [0.7, 0.7121951219512195, 0.7048780487804878, 0.7048780487804878, 0.697560975609756, 0.7073170731707317, 0.6731707317073171, 0.7041564792176039, 0.6577017114914425, 0.6968215158924206, 0.7457212713936431, 0.7041564792176039], "precision": [0.6982464017560925, 0.7087816015146453, 0.7036579387852702, 0.7019533408884101, 0.6945395686878144, 0.7057175915212663, 0.6681689068029261, 0.7034630598501782, 0.6534405173321863, 0.6915875676611114, 0.7439649043773633, 0.7023972839088616], "recall": [0.7, 0.7121951219512195, 0.7048780487804878, 0.7048780487804878, 0.697560975609756, 0.7073170731707317, 0.6731707317073171, 0.7041564792176039, 0.6577017114914425, 0.6968215158924206, 0.7457212713936431, 0.7041564792176039], "f1": [0.6975921243548693, 0.7083694132427338, 0.7035514849995361, 0.7026935196050289, 0.6926806044727364, 0.7040282578474486, 0.6690362691103192, 0.6990381878173305, 0.650878704858077, 0.6897263168235261, 0.7436708406303663, 0.6971968272132621], "time": [1489.2160971164703, 22.10935115814209, 25.299970626831055, 23.68921995162964, 21.990220069885254, 21.7108211517334, 21.665254831314087, 21.244919300079346, 21.475163459777832, 21.109822034835815, 21.294842004776, 21.05955147743225]}
{"model": "Pipeline(memory=None,\n         steps=[('normalize', TextNormalizer_lemmatize(language=None)),\n                ('ngram_vect',\n                 TfidfVectorizer(analyzer='word', binary=False,\n                                 decode_error='strict',\n                                 dtype=<class 'numpy.float64'>,\n                                 encoding='utf-8', input='content',\n                                 lowercase=False, max_df=1.0, max_features=None,\n                                 min_df=1, ngram_range=(1, 2), norm='l2',\n                                 preprocessor=None, smooth_idf=True,\n                                 stop_word...\n                                 token_pattern='(?u)\\\\b\\\\w\\\\w+\\\\b',\n                                 tokenizer=<function identity at 0x0000021DBE0C25E8>,\n                                 use_idf=True, vocabulary=None)),\n                ('classifier',\n                 LogisticRegression(C=1.0, class_weight=None, dual=False,\n                                    fit_intercept=True, intercept_scaling=1,\n                                    l1_ratio=None, max_iter=100,\n                                    multi_class='warn', n_jobs=None,\n                                    penalty='l2', random_state=None,\n                                    solver='warn', tol=0.0001, verbose=0,\n                                    warm_start=False))],\n         verbose=False)", "name": "LogisticRegression", "accuracy": [0.7317073170731707, 0.748780487804878, 0.7146341463414634, 0.675609756097561, 0.7195121951219512, 0.6951219512195121, 0.651219512195122, 0.7212713936430318, 0.6968215158924206, 0.6772616136919315, 0.7237163814180929, 0.6992665036674817], "precision": [0.7280798002430309, 0.7483479061205707, 0.7140371948096447, 0.6738070781245447, 0.7216185657471395, 0.6897578328301268, 0.6591493033264048, 0.7185802388087908, 0.6950122723529886, 0.6739286295824587, 0.7225202211253094, 0.6963159932533142], "recall": [0.7317073170731707, 0.748780487804878, 0.7146341463414634, 0.675609756097561, 0.7195121951219512, 0.6951219512195121, 0.651219512195122, 0.7212713936430318, 0.6968215158924206, 0.6772616136919315, 0.7237163814180929, 0.6992665036674817], "f1": [0.7280813704709874, 0.7446322432739843, 0.7133683336181577, 0.6729077412513256, 0.7151094062869412, 0.6905599067096146, 0.6455253524820572, 0.7173495982336013, 0.6895789615540111, 0.6751864560004932, 0.7230786250654127, 0.6936043843805708], "time": [1.3754255771636963, 1.3355562686920166, 1.6104865074157715, 1.5400738716125488, 1.3154239654541016, 1.3299124240875244, 1.3308520317077637, 1.6599063873291016, 1.530061960220337, 1.724750280380249, 1.3580670356750488, 1.2877957820892334]}
{"model": "Pipeline(memory=None,\n         steps=[('normalize', TextNormalizer_lemmatize(language=None)),\n                ('ngram_vect',\n                 TfidfVectorizer(analyzer='word', binary=False,\n                                 decode_error='strict',\n                                 dtype=<class 'numpy.float64'>,\n                                 encoding='utf-8', input='content',\n                                 lowercase=False, max_df=1.0, max_features=None,\n                                 min_df=1, ngram_range=(1, 2), norm='l2',\n                                 preprocessor=None, smooth_idf=True,\n                                 stop_word...\n                 SGDClassifier(alpha=0.0001, average=False, class_weight=None,\n                               early_stopping=False, epsilon=0.1, eta0=0.0,\n                               fit_intercept=True, l1_ratio=0.15,\n                               learning_rate='optimal', loss='hinge',\n                               max_iter=1000, n_iter_no_change=5, n_jobs=None,\n                               penalty='l2', power_t=0.5, random_state=None,\n                               shuffle=True, tol=0.001, validation_fraction=0.1,\n                               verbose=0, warm_start=False))],\n         verbose=False)", "name": "SGDClassifier (TruncatedSVD)", "accuracy": [0.7195121951219512, 0.6902439024390243, 0.6951219512195121, 0.6634146341463415, 0.7170731707317073, 0.7121951219512195, 0.7195121951219512, 0.6503667481662592, 0.7334963325183375, 0.6943765281173594, 0.6894865525672371, 0.6894865525672371], "precision": [0.7198325189867181, 0.7121102782128738, 0.7066812041703142, 0.6759404287724294, 0.7197991391678623, 0.7108868219732966, 0.7232942210503186, 0.6705032008183021, 0.7517211573999808, 0.6934525030359632, 0.6952083396965772, 0.6902300013601695], "recall": [0.7195121951219512, 0.6902439024390243, 0.6951219512195121, 0.6634146341463415, 0.7170731707317073, 0.7121951219512195, 0.7195121951219512, 0.6503667481662592, 0.7334963325183375, 0.6943765281173594, 0.6894865525672371, 0.6894865525672371], "f1": [0.7196680421095973, 0.6920674208203381, 0.6983417250282555, 0.6666139131021048, 0.7181628553397917, 0.7112670819887797, 0.7206813821772717, 0.6501535533356068, 0.7344565336604145, 0.6935762387445783, 0.6844214274679283, 0.6810000559176971],