{"model": "Pipeline(memory=None,\n         steps=[('normalize', TextNormalizer_lemmatize(language=None)),\n                ('ngram_vect',\n                 TfidfVectorizer(analyzer='word', binary=False,\n                                 decode_error='strict',\n                                 dtype=<class 'numpy.float64'>,\n                                 encoding='utf-8', input='content',\n                                 lowercase=False, max_df=1.0, max_features=None,\n                                 min_df=1, ngram_range=(1, 2), norm='l2',\n                                 preprocessor=None, smooth_idf=True,\n                                 stop_word...\n                 TruncatedSVD(algorithm='randomized', n_components=600,\n                              n_iter=5, random_state=None, tol=0.0)),\n                ('classifier',\n                 LogisticRegression(C=1.0, class_weight=None, dual=False,\n                                    fit_intercept=True, intercept_scaling=1,\n                                    l1_ratio=None, max_iter=100,\n                                    multi_class='warn', n_jobs=None,\n                                    penalty='l2', random_state=None,\n                                    solver='warn', tol=0.0001, verbose=0,\n                                    warm_start=False))],\n         verbose=False)", "name": "LogisticRegression (TruncatedSVD)", "accuracy": [0.6876907426246185, 0.7039674465920651, 0.7029501525940997, 0.7131230925737538, 0.6785350966429298], "precision": [0.6849744180681734, 0.7019677297206387, 0.6995163839500567, 0.7103174748656829, 0.6766182473081932], "recall": [0.6876907426246185, 0.7039674465920651, 0.7029501525940997, 0.7131230925737538, 0.6785350966429298], "f1": [0.6828346851377124, 0.6986993614470937, 0.6990474356279852, 0.7111297941964732, 0.6753314097544012], "time": [22.560126066207886, 21.725200176239014, 21.633601665496826, 21.113470315933228, 21.934031009674072]}
