{"model": "Pipeline(memory=None,\n         steps=[('normalize', TextNormalizer_lemmatize(language=None)),\n                ('ngram_vect',\n                 TfidfVectorizer(analyzer='word', binary=False,\n                                 decode_error='strict',\n                                 dtype=<class 'numpy.float64'>,\n                                 encoding='utf-8', input='content',\n                                 lowercase=False, max_df=1.0, max_features=None,\n                                 min_df=1, ngram_range=(1, 2), norm='l2',\n                                 preprocessor=None, smooth_idf=True,\n                                 stop_word...\n                 TruncatedSVD(algorithm='randomized', n_components=600,\n                              n_iter=5, random_state=None, tol=0.0)),\n                ('classifier',\n                 LogisticRegression(C=1.0, class_weight=None, dual=False,\n                                    fit_intercept=True, intercept_scaling=1,\n                                    l1_ratio=None, max_iter=100,\n                                    multi_class='warn', n_jobs=None,\n                                    penalty='l2', random_state=None,\n                                    solver='warn', tol=0.0001, verbose=0,\n                                    warm_start=False))],\n         verbose=False)", "name": "LogisticRegression (TruncatedSVD)", "accuracy": [0.7146341463414634, 0.6829268292682927, 0.6634146341463415, 0.7219512195121951, 0.6780487804878049, 0.6609756097560976, 0.7365853658536585, 0.687041564792176, 0.6919315403422983, 0.726161369193154, 0.7114914425427873, 0.6821515892420538], "precision": [0.7118771636331608, 0.6802224467511975, 0.6615926829268293, 0.7214253017683174, 0.6742719690870232, 0.6565669581224115, 0.7374254919789225, 0.6839488090295398, 0.6929930228397638, 0.7225390633836177, 0.7104032265983248, 0.6794787841862423], "recall": [0.7146341463414634, 0.6829268292682927, 0.6634146341463415, 0.7219512195121951, 0.6780487804878049, 0.6609756097560976, 0.7365853658536585, 0.687041564792176, 0.6919315403422983, 0.726161369193154, 0.7114914425427873, 0.6821515892420538], "f1": [0.7125218330065156, 0.6782960693668934, 0.6623612634874517, 0.7182030802136976, 0.6745151793357342, 0.655377493350328, 0.7294653252530078, 0.6816681275084191, 0.6891518964264217, 0.7212726488346615, 0.7108785763613541, 0.677986651754148], "time": [26.9643611907959, 27.046275854110718, 28.190338611602783, 26.75010919570923, 25.589963912963867, 25.400264024734497, 27.289934635162354, 26.409897565841675, 26.215068817138672, 26.890498399734497, 25.69008493423462, 26.298461437225342]}
{"model": "Pipeline(memory=None,\n         steps=[('normalize', TextNormalizer_lemmatize(language=None)),\n                ('ngram_vect',\n                 TfidfVectorizer(analyzer='word', binary=False,\n                                 decode_error='strict',\n                                 dtype=<class 'numpy.float64'>,\n                                 encoding='utf-8', input='content',\n                                 lowercase=False, max_df=1.0, max_features=None,\n                                 min_df=1, ngram_range=(1, 2), norm='l2',\n                                 preprocessor=None, smooth_idf=True,\n                                 stop_word...\n                                 token_pattern='(?u)\\\\b\\\\w\\\\w+\\\\b',\n                                 tokenizer=<function identity at 0x0000021DBE0C25E8>,\n                                 use_idf=True, vocabulary=None)),\n                ('classifier',\n                 LogisticRegression(C=1.0, class_weight=None, dual=False,\n                                    fit_intercept=True, intercept_scaling=1,\n                                    l1_ratio=None, max_iter=100,\n                                    multi_class='warn', n_jobs=None,\n                                    penalty='l2', random_state=None,\n                                    solver='warn', tol=0.0001, verbose=0,\n                                    warm_start=False))],\n         verbose=False)", "name": "LogisticRegression", "accuracy": [0.7146341463414634, 0.7365853658536585, 0.7073170731707317, 0.7097560975609756, 0.7317073170731707, 0.7, 0.7219512195121951, 0.6650366748166259, 0.6943765281173594, 0.6723716381418093, 0.7041564792176039, 0.7114914425427873], "precision": [0.713095506216954, 0.7339989030177078, 0.703306726756272, 0.7073430382533402, 0.7296514061445885, 0.6973561037318153, 0.7225315822388994, 0.6618647903704714, 0.6966302994673285, 0.6703376407404202, 0.7016272359268044, 0.7077473154953974], "recall": [0.7146341463414634, 0.7365853658536585, 0.7073170731707317, 0.7097560975609756, 0.7317073170731707, 0.7, 0.7219512195121951, 0.6650366748166259, 0.6943765281173594, 0.6723716381418093, 0.7041564792176039, 0.7114914425427873], "f1": [0.7101491680582628, 0.7334759405460238, 0.7039094670573329, 0.7058236453380101, 0.7302349832598081, 0.6981664263105649, 0.7176676317424838, 0.6613087877878414, 0.6889253409485248, 0.6659467481564615, 0.7001782225350999, 0.7078640171950271], "time": [1.5302956104278564, 1.6200852394104004, 1.515005111694336, 1.5099318027496338, 1.7450952529907227, 2.480085611343384, 1.7599594593048096, 2.1049673557281494, 1.4840006828308105, 1.6227607727050781, 1.5096375942230225, 1.539963722229004]}
{"model": "Pipeline(memory=None,\n         steps=[('normalize', TextNormalizer_lemmatize(language=None)),\n                ('ngram_vect',\n                 TfidfVectorizer(analyzer='word', binary=False,\n                                 decode_error='strict',\n                                 dtype=<class 'numpy.float64'>,\n                                 encoding='utf-8', input='content',\n                                 lowercase=False, max_df=1.0, max_features=None,\n                                 min_df=1, ngram_range=(1, 2), norm='l2',\n                                 preprocessor=None, smooth_idf=True,\n                                 stop_word...\n                 SGDClassifier(alpha=0.0001, average=False, class_weight=None,\n                               early_stopping=False, epsilon=0.1, eta0=0.0,\n                               fit_intercept=True, l1_ratio=0.15,\n                               learning_rate='optimal', loss='hinge',\n                               max_iter=1000, n_iter_no_change=5, n_jobs=None,\n                               penalty='l2', power_t=0.5, random_state=None,\n                               shuffle=True, tol=0.001, validation_fraction=0.1,\n                               verbose=0, warm_start=False))],\n         verbose=False)", "name": "SGDClassifier (TruncatedSVD)", "accuracy": [0.7, 0.7121951219512195, 0.6707317073170732, 0.7317073170731707, 0.6487804878048781, 0.6682926829268293, 0.724390243902439, 0.726161369193154, 0.6797066014669927, 0.7212713936430318, 0.684596577017115, 0.6454767726161369], "precision": [0.6965897435897435, 0.714618311899843, 0.6712418827753545, 0.7314581011628508, 0.668487243021927, 0.6681024623643367, 0.7213043599232075, 0.7427250500111137, 0.696858428001174, 0.7267887348060258, 0.7125252592915118, 0.6579142224009213], "recall": [0.7, 0.7121951219512195, 0.6707317073170732, 0.7317073170731707, 0.6487804878048781, 0.6682926829268293, 0.724390243902439, 0.726161369193154, 0.6797066014669927, 0.7212713936430318, 0.684596577017115, 0.6454767726161369], "f1": [0.6967544534754941, 0.6972972937849583, 0.6709509153856856, 0.7315652300019787, 0.6525005856688162, 0.6681816618065772, 0.7165071879120951, 0.7288458017215167, 0.6814386748584611, 0.7226375780547879, 0.6870031824220771, 0.6469638577796288],